internal_sku,cardmarket_id,qty,card_name,set_name,set_code,cn,rarity,rarity_short,lang,is_reverse
278297-0001,278297,1,Drifloon Lv.16,Stormfront,STF,SH1,Secret Rare,SR,ESP,False
279251-0001,279251,1,Suicune & Entei LEGEND,Unleashed,UL,95,Ultra Rare,UR,ESP,False
280223-0001,280223,1,Cobalion,Noble Victories,NVI,100,Ultra Rare,UR,ESP,False
286409-0001,286409,1,Mewtwo EX,BREAKthrough,BKT,163,Secret Rare,SR,ESP,False
289803-0002,289803,1,Black Kyurem,XY Black Star Promos,XYPR,80,Promo,PROMO,ENG,False
293475-0001,293475,2,Here Comes Team Rocket!,Evolutions,EVO,113,Secret Rare,SR,ESP,False
295422-0001,295422,1,Gumshoos GX,Sun & Moon,SUM,110,Ultra Rare,UR,ESP,False
295470-0001,295470,1,Gumshoos GX,Sun & Moon,SUM,157,Secret Rare,SR,ESP,False
297482-0002,297482,1,Turtonator GX,Guardians Rising,GRI,18,Ultra Rare,UR,ENG,False
297507-0001,297507,1,Vikavolt GX,Guardians Rising,GRI,45,Ultra Rare,UR,ESP,False
299545-0001,299545,1,Wicke,Burning Shadows,BUS,147,Ultra Rare,UR,ESP,False
299552-0001,299552,1,Machamp GX,Burning Shadows,BUS,154,Secret Rare,SR,ESP,False
302147-0001,302147,2,Shining Genesect,Shining Legends,SLG,9,Ultra Rare,UR,ESP,False
311948-0001,311948,1,Gyarados GX,Crimson Invasion,CIN,101,Ultra Rare,UR,ESP,False
315828-0001,315828,1,Dawn Wings Necrozma GX,Ultra Prism,UPR,63,Ultra Rare,UR,ESP,False
316078-0001,316078,1,Mars,Ultra Prism,UPR,154,Ultra Rare,UR,ESP,False
316090-0001,316090,1,Crushing Hammer,Ultra Prism,UPR,166,Secret Rare,SR,ESP,False
355640-0001,355640,1,Crasher Wake,Forbidden Light,FLI,129,Ultra Rare,UR,ESP,False
361405-0001,361405,1,Underground Expedition,Celestial Storm,CES,168,Ultra Rare,UR,ESP,False
363549-0001,363549,1,Ultra Necrozma GX,Dragon Majesty,DRM,78,Secret Rare,SR,ESP,False
367300-0002,367300,1,Latias & Latios GX,Team Up,TEU,113,Ultra Rare,UR,ENG,False
368856-0001,368856,2,Charizard GX,SM Black Star Promos,SM,195,Promo,PROMO,ESP,False
397944-0001,397944,1,Raichu GX,SM Black Star Promos,SM,213,Promo,PROMO,ESP,False
381240-0002,381240,1,Malamar,Hidden Fates,HIF,SV18,Secret Rare,SR,ENG,False
408119-0001,408119,1,Oricorio GX,Cosmic Eclipse,CEC,95,Ultra Rare,UR,ESP,False
427211-0002,427211,1,Keldeo V,Sword & Shield,SSH,53,Ultra Rare,UR,ENG,False
437029-0001,437029,1,Dhelmise V,Sword & Shield,SSH,187,Ultra Rare,UR,ESP,False
437074-0001,437074,1,Zamazenta V,Sword & Shield,SSH,196,Ultra Rare,UR,ESP,False
450468-0002,450468,2,Volcarona,Steam Siege,STS,15,Promo,PROMO,ENG,False
456498-0001,456498,1,Dragapult VMAX,Rebel Clash,RCL,93,Ultra Rare,UR,ESP,False
456513-0001,456513,2,Malamar V,Rebel Clash,RCL,121,Ultra Rare,UR,ESP,False
457293-0001,457293,1,Tool Scrapper,Rebel Clash,RCL,208,Secret Rare,SR,ESP,False
483174-0002,483174,2,Vikavolt V,Darkness Ablaze,DAA,60,Ultra Rare,UR,ENG,False
483374-0002,483374,1,Galarian Slowbro V,Darkness Ablaze,DAA,99,Ultra Rare,UR,ENG,False
483399-0002,483399,2,Crobat V,Darkness Ablaze,DAA,104,Ultra Rare,UR,ENG,False
499920-0002,499920,1,Wailord V,Champion’s Path,CPA,13,Ultra Rare,UR,ENG,False
500090-0001,500090,1,Duraludon V,Champion’s Path,CPA,47,Ultra Rare,UR,ESP,False
500215-0002,500215,1,Grapploct V,Champion’s Path,CPA,72,Ultra Rare,UR,ENG,False
511525-0001,511525,1,Orbeetle VMAX,Vivid Voltage,VIV,21,Ultra Rare,UR,ESP,False
511530-0001,511530,1,Zarude V,Vivid Voltage,VIV,22,Ultra Rare,UR,ESP,False
511600-0002,511600,1,Galarian Darmanitan V,Vivid Voltage,VIV,36,Ultra Rare,UR,ENG,False
512340-0002,512340,1,Aegislash V,Vivid Voltage,VIV,126,Ultra Rare,UR,ENG,False
527645-0002,527645,1,Empoleon V,Battle Styles,BST,40,Ultra Rare,UR,ENG,False
527650-0002,527650,2,Single Strike Urshifu V,Battle Styles,BST,85,Ultra Rare,UR,ENG,False
527650-0001,527650,1,Single Strike Urshifu V,Battle Styles,BST,85,Ultra Rare,UR,ESP,False
527655-0002,527655,1,Single Strike Urshifu VMAX,Battle Styles,BST,86,Ultra Rare,UR,ENG,False
527660-0002,527660,2,Rapid Strike Urshifu V,Battle Styles,BST,87,Ultra Rare,UR,ENG,False
527665-0002,527665,2,Rapid Strike Urshifu VMAX,Battle Styles,BST,88,Ultra Rare,UR,ENG,False
546576-0001,546576,1,Rapid Strike Style Mustard,Battle Styles,BST,162,Ultra Rare,UR,ESP,False
539068-0002,539068,1,Dhelmise V,Shining Fates,SHF,9,Ultra Rare,UR,ENG,False
539563-0002,539563,1,Eiscue,Shining Fates,SHF,SV35,Secret Rare,SR,ENG,False
539598-0001,539598,1,Toxtricity,Shining Fates,SHF,SV42,Secret Rare,SR,ESP,False
539603-0001,539603,1,Pincurchin,Shining Fates,SHF,SV43,Secret Rare,SR,ESP,False
539273-0002,539273,1,Ditto V,Shining Fates,SHF,50,Ultra Rare,UR,ENG,False
539713-0002,539713,1,Galarian Yamask,Shining Fates,SHF,SV65,Secret Rare,SR,ENG,False
539358-0002,539358,1,Cara Liss,Shining Fates,SHF,67,Ultra Rare,UR,ENG,False
539833-0002,539833,1,Corviknight,Shining Fates,SHF,SV89,Secret Rare,SR,ENG,False
539883-0001,539883,1,Skwovet,Shining Fates,SHF,SV99,Secret Rare,SR,ESP,False
539913-0002,539913,1,Rillaboom V,Shining Fates,SHF,SV105,Secret Rare,SR,ENG,False
539918-0001,539918,1,Rillaboom VMAX,Shining Fates,SHF,SV106,Secret Rare,SR,ESP,False
539928-0002,539928,1,Centiskorch V,Shining Fates,SHF,SV108,Secret Rare,SR,ENG,False
539938-0002,539938,1,Lapras V,Shining Fates,SHF,SV110,Secret Rare,SR,ENG,False
539943-0001,539943,1,Lapras VMAX,Shining Fates,SHF,SV111,Secret Rare,SR,ESP,False
539958-0002,539958,1,Indeedee V,Shining Fates,SHF,SV114,Secret Rare,SR,ENG,False
539963-0001,539963,1,Falinks V,Shining Fates,SHF,SV115,Secret Rare,SR,ESP,False
539993-0002,539993,1,Eternatus V,Shining Fates,SHF,SV121,Secret Rare,SR,ENG,False
540641-0001,540641,1,Eldegoss V,SWSH Black Star Promos,SWSH,084,Promo,PROMO,ESP,False
540656-0002,540656,1,Eevee VMAX,SWSH Black Star Promos,SWSH,087,Promo,PROMO,ENG,False
549396-0001,549396,1,Crobat V,SWSH Black Star Promos,SWSH,098,Promo,PROMO,ESP,False
549401-0001,549401,1,Crobat VMAX,SWSH Black Star Promos,SWSH,099,Promo,PROMO,ESP,False
561770-0001,561770,1,Gardevoir V,SWSH Black Star Promos,SWSH,105,Promo,PROMO,ESP,False
547871-0002,547871,1,Tyranitar V,SWSH Black Star Promos,SWSH,109,Promo,PROMO,ENG,False
572538-0002,572538,1,Crobat V,SWSH Black Star Promos,SWSH,110,Promo,PROMO,ENG,False
576502-0001,576502,1,Flareon V,SWSH Black Star Promos,SWSH,149,Promo,PROMO,ESP,False
583203-0002,583203,1,Hoopa V,SWSH Black Star Promos,SWSH,176,Promo,PROMO,ENG,False
604996-0002,604996,1,Leafeon V,SWSH Black Star Promos,SWSH,194,Promo,PROMO,ENG,False
584316-0001,584316,2,Lycanroc V,SWSH Black Star Promos,SWSH,199,Promo,PROMO,ESP,False
652086-0002,652086,1,Arceus V,SWSH Black Star Promos,SWSH,204,Promo,PROMO,ENG,False
652086-0001,652086,1,Arceus V,SWSH Black Star Promos,SWSH,204,Promo,PROMO,ESP,False
653695-0002,653695,1,Blanche,SWSH Black Star Promos,SWSH,227,Promo,PROMO,ENG,False
660941-0002,660941,1,Kleavor V,SWSH Black Star Promos,SWSH,248,Promo,PROMO,ENG,False
691252-0001,691252,1,Boss's Orders,SWSH Black Star Promos,SWSH,251,Promo,PROMO,ESP,False
674373-0001,674373,1,Rotom V,SWSH Black Star Promos,SWSH,257,Promo,PROMO,ESP,False
674374-0001,674374,3,Gallade V,SWSH Black Star Promos,SWSH,258,Promo,PROMO,ESP,False
669838-0001,669838,3,Zeraora V,SWSH Black Star Promos,SWSH,263,Promo,PROMO,ESP,False
669839-0001,669839,1,Zeraora VMAX,SWSH Black Star Promos,SWSH,264,Promo,PROMO,ESP,False
669840-0001,669840,2,Zeraora VSTAR,SWSH Black Star Promos,SWSH,265,Promo,PROMO,ESP,False
669842-0001,669842,3,Deoxys V,SWSH Black Star Promos,SWSH,266,Promo,PROMO,ESP,False
669843-0001,669843,1,Deoxys VMAX,SWSH Black Star Promos,SWSH,267,Promo,PROMO,ESP,False
669844-0001,669844,2,Deoxys VSTAR,SWSH Black Star Promos,SWSH,268,Promo,PROMO,ESP,False
682977-0001,682977,3,Morpeko V-UNION,SWSH Black Star Promos,SWSH,287,Promo,PROMO,ESP,False
682978-0001,682978,3,Morpeko V-UNION,SWSH Black Star Promos,SWSH,288,Promo,PROMO,ESP,False
682979-0001,682979,3,Morpeko V-UNION,SWSH Black Star Promos,SWSH,289,Promo,PROMO,ESP,False
682980-0001,682980,3,Morpeko V-UNION,SWSH Black Star Promos,SWSH,290,Promo,PROMO,ESP,False
567105-0002,567105,1,Volcanion V,Chilling Reign,CRE,025,Ultra Rare,UR,ENG,False
672378-0001,672378,1,Ice Rider Calyrex VMAX,Chilling Reign,CRE,046,Promo,PROMO,ESP,False
567133-0002,567133,2,Zeraora V,Chilling Reign,CRE,053,Ultra Rare,UR,ENG,False
567166-0001,567166,1,Galarian Articuno V,Chilling Reign,CRE,058,Ultra Rare,UR,ESP,False
567182-0002,567182,1,Shadow Rider Calyrex V,Chilling Reign,CRE,074,Ultra Rare,UR,ENG,False
567182-0001,567182,2,Shadow Rider Calyrex V,Chilling Reign,CRE,074,Ultra Rare,UR,ESP,False
567183-0001,567183,2,Shadow Rider Calyrex VMAX,Chilling Reign,CRE,075,Ultra Rare,UR,ESP,False
567197-0002,567197,2,Sandaconda V,Chilling Reign,CRE,089,Ultra Rare,UR,ENG,False
567208-0001,567208,1,Galarian Slowking VMAX,Chilling Reign,CRE,100,Ultra Rare,UR,ESP,False
567220-0002,567220,1,Metagross V,Chilling Reign,CRE,112,Ultra Rare,UR,ENG,False
567270-0001,567270,1,Volcanion V,Chilling Reign,CRE,162,Ultra Rare,UR,ESP,False
567278-0001,567278,1,Galarian Articuno V,Chilling Reign,CRE,170,Ultra Rare,UR,ESP,False
567288-0001,567288,1,Liepard V,Chilling Reign,CRE,180,Ultra Rare,UR,ESP,False
567294-0002,567294,1,Agatha,Chilling Reign,CRE,186,Ultra Rare,UR,ENG,False
567306-0002,567306,1,Siebold,Chilling Reign,CRE,198,Ultra Rare,UR,ENG,False
574031-0002,574031,1,Leafeon V,Evolving Skies,EVS,007,Ultra Rare,UR,ENG,False
574037-0001,574037,1,Trevenant V,Evolving Skies,EVS,013,Ultra Rare,UR,ESP,False
574045-0001,574045,1,Volcarona V,Evolving Skies,EVS,021,Ultra Rare,UR,ESP,False
574065-0001,574065,1,Glaceon VMAX,Evolving Skies,EVS,041,Ultra Rare,UR,ESP,False
574072-0001,574072,1,Arctovish V,Evolving Skies,EVS,048,Ultra Rare,UR,ESP,False
574131-0001,574131,3,Medicham V,Evolving Skies,EVS,083,Ultra Rare,UR,ESP,False
574170-0001,574170,1,Duraludon V,Evolving Skies,EVS,122,Ultra Rare,UR,ESP,False
574267-0002,574267,1,Glaceon VMAX,Evolving Skies,EVS,209,Secret Rare,SR,ENG,False
574267-0001,574267,1,Glaceon VMAX,Evolving Skies,EVS,209,Secret Rare,SR,ESP,False
574277-0001,574277,2,Duraludon VMAX,Evolving Skies,EVS,219,Secret Rare,SR,ESP,False
576761-0001,576761,2,Zacian V,Celebrations,CEL,016,Ultra Rare,UR,ESP,False
576763-0002,576763,1,Zamazenta V,Celebrations,CEL,018,Ultra Rare,UR,ENG,False
576770-0002,576770,1,Mew,Celebrations,CEL,025,Secret Rare,SR,ENG,False
576791-0001,576791,1,Zekrom,Celebrations,CEL,BLW 114,Ultra Rare,UR,ESP,False
582095-0001,582095,1,Appletun V,Fusion Strike,FST,026,Ultra Rare,UR,ESP,False
582786-0002,582786,1,Tyranitar V,Fusion Strike,FST,158,Ultra Rare,UR,ENG,False
582813-0002,582813,3,Genesect V,Fusion Strike,FST,185,Ultra Rare,UR,ENG,False
582813-0001,582813,3,Genesect V,Fusion Strike,FST,185,Ultra Rare,UR,ESP,False
582953-0001,582953,2,Greedent V,Fusion Strike,FST,217,Ultra Rare,UR,ESP,False
582984-0002,582984,1,Crabominable V,Fusion Strike,FST,248,Ultra Rare,UR,ENG,False
582989-0002,582989,1,Hoopa V,Fusion Strike,FST,253,Ultra Rare,UR,ENG,False
583019-0002,583019,1,Mew VMAX,Fusion Strike,FST,269,Secret Rare,SR,ENG,False
608437-0001,608437,1,Shaymin V,Brilliant Stars,BRS,013,Ultra Rare,UR,ESP,False
608448-0002,608448,2,Shaymin VSTAR,Brilliant Stars,BRS,014,Ultra Rare,UR,ENG,False
608448-0001,608448,1,Shaymin VSTAR,Brilliant Stars,BRS,014,Ultra Rare,UR,ESP,False
608757-0002,608757,1,Café Master,Brilliant Stars,BRS,TG25,Ultra Rare,UR,ENG,False
608477-0002,608477,2,Simisear V,Brilliant Stars,BRS,027,Ultra Rare,UR,ENG,False
608477-0001,608477,2,Simisear V,Brilliant Stars,BRS,027,Ultra Rare,UR,ESP,False
608490-0002,608490,2,Lumineon V,Brilliant Stars,BRS,040,Ultra Rare,UR,ENG,False
608495-0002,608495,1,Raichu V,Brilliant Stars,BRS,045,Ultra Rare,UR,ENG,False
608498-0002,608498,2,Raikou V,Brilliant Stars,BRS,048,Ultra Rare,UR,ENG,False
608538-0001,608538,1,Honchkrow V,Brilliant Stars,BRS,088,Ultra Rare,UR,ESP,False
608641-0002,608641,1,Morpeko V,Brilliant Stars,BRS,095,Ultra Rare,UR,ENG,False
608651-0002,608651,3,Zamazenta V,Brilliant Stars,BRS,105,Ultra Rare,UR,ENG,False
608651-0001,608651,1,Zamazenta V,Brilliant Stars,BRS,105,Ultra Rare,UR,ESP,False
608652-0002,608652,1,Flygon V,Brilliant Stars,BRS,106,Ultra Rare,UR,ENG,False
608668-0002,608668,1,Arceus V,Brilliant Stars,BRS,122,Ultra Rare,UR,ENG,False
608674-0002,608674,2,Drampa V,Brilliant Stars,BRS,128,Ultra Rare,UR,ENG,False
608701-0002,608701,1,Lumineon V,Brilliant Stars,BRS,155,Ultra Rare,UR,ENG,False
608706-0002,608706,1,Whimsicott V,Brilliant Stars,BRS,160,Ultra Rare,UR,ENG,False
608706-0001,608706,1,Whimsicott V,Brilliant Stars,BRS,160,Ultra Rare,UR,ESP,False
608707-0002,608707,2,Honchkrow V,Brilliant Stars,BRS,161,Ultra Rare,UR,ENG,False
608710-0002,608710,1,Flygon V,Brilliant Stars,BRS,164,Ultra Rare,UR,ENG,False
608716-0002,608716,1,Kindler,Brilliant Stars,BRS,170,Ultra Rare,UR,ENG,False
608718-0002,608718,1,Roseanne's Backup,Brilliant Stars,BRS,172,Ultra Rare,UR,ENG,False
608722-0001,608722,1,Arceus VSTAR,Brilliant Stars,BRS,176,Secret Rare,SR,ESP,False
608730-0001,608730,1,Arceus VSTAR,Brilliant Stars,BRS,184,Secret Rare,SR,ESP,False
608732-0001,608732,1,Ultra Ball,Brilliant Stars,BRS,186,Secret Rare,SR,ESP,False
658511-0002,658511,2,Hisuian Lilligant V,Astral Radiance,ASR,017,Ultra Rare,UR,ENG,False
658529-0002,658529,1,Heatran VMAX,Astral Radiance,ASR,026,Ultra Rare,UR,ENG,False
658531-0001,658531,1,Radiant Heatran,Astral Radiance,ASR,027,Ultra Rare,UR,ESP,False
658551-0002,658551,2,Origin Forme Palkia V,Astral Radiance,ASR,039,Ultra Rare,UR,ENG,False
658560-0001,658560,1,Origin Forme Palkia VSTAR,Astral Radiance,ASR,040,Ultra Rare,UR,ESP,False
658612-0002,658612,1,Hisuian Typhlosion V,Astral Radiance,ASR,053,Ultra Rare,UR,ENG,False
658612-0001,658612,1,Hisuian Typhlosion V,Astral Radiance,ASR,053,Ultra Rare,UR,ESP,False
658615-0001,658615,1,Hisuian Typhlosion VSTAR,Astral Radiance,ASR,054,Ultra Rare,UR,ESP,False
658690-0001,658690,2,Radiant Hawlucha,Astral Radiance,ASR,081,Ultra Rare,UR,ESP,False
658694-0002,658694,1,Hisuian Decidueye V,Astral Radiance,ASR,083,Ultra Rare,UR,ENG,False
658696-0001,658696,2,Hisuian Decidueye VSTAR,Astral Radiance,ASR,084,Ultra Rare,UR,ESP,False
658732-0001,658732,1,Hisuian Sneasler V,Astral Radiance,ASR,094,Ultra Rare,UR,ESP,False
658747-0002,658747,3,Darkrai V,Astral Radiance,ASR,098,Ultra Rare,UR,ENG,False
658762-0002,658762,1,Hisuian Samurott VSTAR,Astral Radiance,ASR,102,Ultra Rare,UR,ENG,False
658778-0002,658778,2,Garchomp V,Astral Radiance,ASR,117,Ultra Rare,UR,ENG,False
658794-0002,658794,1,Oranguru V,Astral Radiance,ASR,133,Ultra Rare,UR,ENG,False
658794-0001,658794,1,Oranguru V,Astral Radiance,ASR,133,Ultra Rare,UR,ESP,False
658795-0002,658795,2,Wyrdeer V,Astral Radiance,ASR,134,Ultra Rare,UR,ENG,False
658795-0001,658795,2,Wyrdeer V,Astral Radiance,ASR,134,Ultra Rare,UR,ESP,False
658823-0001,658823,1,Hisuian Lilligant V,Astral Radiance,ASR,162,Ultra Rare,UR,ESP,False
658840-0002,658840,1,Oranguru V,Astral Radiance,ASR,179,Ultra Rare,UR,ENG,False
658843-0002,658843,1,Choy,Astral Radiance,ASR,182,Ultra Rare,UR,ENG,False
658853-0002,658853,1,Origin Forme Palkia VSTAR,Astral Radiance,ASR,192,Secret Rare,SR,ENG,False
665239-0001,665239,1,Alolan Exeggutor V,Pokémon GO,PGO,005,Ultra Rare,UR,ESP,False
665267-0002,665267,1,Mewtwo VSTAR,Pokémon GO,PGO,031,Ultra Rare,UR,ENG,False
665267-0001,665267,1,Mewtwo VSTAR,Pokémon GO,PGO,031,Ultra Rare,UR,ESP,False
665670-0002,665670,3,Conkeldurr V,Pokémon GO,PGO,040,Ultra Rare,UR,ENG,False
665670-0001,665670,1,Conkeldurr V,Pokémon GO,PGO,040,Ultra Rare,UR,ESP,False
665270-0002,665270,3,Melmetal V,Pokémon GO,PGO,047,Ultra Rare,UR,ENG,False
665677-0002,665677,3,Slaking V,Pokémon GO,PGO,058,Ultra Rare,UR,ENG,False
665686-0002,665686,2,Melmetal V,Pokémon GO,PGO,075,Ultra Rare,UR,ENG,False
665688-0002,665688,1,Slaking V,Pokémon GO,PGO,077,Ultra Rare,UR,ENG,False
665699-0002,665699,1,Lure Module,Pokémon GO,PGO,088,Secret Rare,SR,ENG,False
674234-0001,674234,1,Pikachu V,Lost Origin,LOR,TG16,Ultra Rare,UR,ESP,False
674242-0001,674242,1,Kabu,Lost Origin,LOR,TG26,Ultra Rare,UR,ESP,False
674038-0002,674038,2,Delphox V,Lost Origin,LOR,027,Ultra Rare,UR,ENG,False
674038-0001,674038,3,Delphox V,Lost Origin,LOR,027,Ultra Rare,UR,ESP,False
674066-0002,674066,3,Magnezone V,Lost Origin,LOR,056,Ultra Rare,UR,ENG,False
674066-0001,674066,1,Magnezone V,Lost Origin,LOR,056,Ultra Rare,UR,ESP,False
674067-0001,674067,2,Magnezone VSTAR,Lost Origin,LOR,057,Ultra Rare,UR,ESP,False
670812-0002,670812,4,Rotom V,Lost Origin,LOR,058,Ultra Rare,UR,ENG,False
670812-0001,670812,4,Rotom V,Lost Origin,LOR,058,Ultra Rare,UR,ESP,False
670815-0001,670815,1,Aerodactyl VSTAR,Lost Origin,LOR,093,Ultra Rare,UR,ESP,False
674131-0002,674131,2,Drapion V,Lost Origin,LOR,118,Ultra Rare,UR,ENG,False
674131-0001,674131,4,Drapion V,Lost Origin,LOR,118,Ultra Rare,UR,ESP,False
674136-0001,674136,4,Radiant Hisuian Sneasler,Lost Origin,LOR,123,Ultra Rare,UR,ESP,False
674142-0002,674142,2,Galarian Perrserker V,Lost Origin,LOR,129,Ultra Rare,UR,ENG,False
670816-0002,670816,1,Giratina V,Lost Origin,LOR,130,Ultra Rare,UR,ENG,False
674146-0002,674146,2,Hisuian Goodra V,Lost Origin,LOR,135,Ultra Rare,UR,ENG,False
674146-0001,674146,6,Hisuian Goodra V,Lost Origin,LOR,135,Ultra Rare,UR,ESP,False
670818-0002,670818,4,Hisuian Goodra VSTAR,Lost Origin,LOR,136,Ultra Rare,UR,ENG,False
670818-0001,670818,2,Hisuian Goodra VSTAR,Lost Origin,LOR,136,Ultra Rare,UR,ESP,False
674147-0001,674147,2,Pidgeot V,Lost Origin,LOR,137,Ultra Rare,UR,ESP,False
674156-0001,674156,1,Hisuian Zoroark V,Lost Origin,LOR,146,Ultra Rare,UR,ESP,False
674183-0001,674183,1,Rotom V,Lost Origin,LOR,177,Ultra Rare,UR,ESP,False
674188-0001,674188,1,Drapion V,Lost Origin,LOR,182,Ultra Rare,UR,ESP,False
674189-0002,674189,1,Galarian Perrserker V,Lost Origin,LOR,183,Ultra Rare,UR,ENG,False
670824-0001,670824,1,Hisuian Goodra V,Lost Origin,LOR,187,Ultra Rare,UR,ESP,False
674195-0002,674195,2,Colress's Experiment,Lost Origin,LOR,190,Ultra Rare,UR,ENG,False
674196-0001,674196,1,Fantina,Lost Origin,LOR,191,Ultra Rare,UR,ESP,False
674223-0002,674223,1,Lost Vacuum,Lost Origin,LOR,217,Secret Rare,SR,ENG,False
682047-0002,682047,1,Serperior VSTAR,Silver Tempest,SIT,008,Ultra Rare,UR,ENG,False
682056-0002,682056,2,Chesnaught V,Silver Tempest,SIT,015,Ultra Rare,UR,ENG,False
682057-0002,682057,3,Radiant Tsareena,Silver Tempest,SIT,016,Ultra Rare,UR,ENG,False
682057-0001,682057,1,Radiant Tsareena,Silver Tempest,SIT,016,Ultra Rare,UR,ESP,False
682288-0002,682288,1,Gordie,Silver Tempest,SIT,TG24,Ultra Rare,UR,ENG,False
682077-0002,682077,1,Omastar V,Silver Tempest,SIT,035,Ultra Rare,UR,ENG,False
682104-0002,682104,6,Regieleki V,Silver Tempest,SIT,057,Ultra Rare,UR,ENG,False
682104-0001,682104,1,Regieleki V,Silver Tempest,SIT,057,Ultra Rare,UR,ESP,False
682112-0001,682112,2,Unown V,Silver Tempest,SIT,065,Ultra Rare,UR,ESP,False
682117-0002,682117,2,Mawile V,Silver Tempest,SIT,070,Ultra Rare,UR,ENG,False
682117-0001,682117,1,Mawile V,Silver Tempest,SIT,070,Ultra Rare,UR,ESP,False
682118-0002,682118,1,Mawile VSTAR,Silver Tempest,SIT,071,Ultra Rare,UR,ENG,False
682118-0001,682118,3,Mawile VSTAR,Silver Tempest,SIT,071,Ultra Rare,UR,ESP,False
682137-0001,682137,1,Hisuian Arcanine V,Silver Tempest,SIT,090,Ultra Rare,UR,ESP,False
682149-0002,682149,1,Ursaluna V,Silver Tempest,SIT,102,Ultra Rare,UR,ENG,False
682149-0001,682149,1,Ursaluna V,Silver Tempest,SIT,102,Ultra Rare,UR,ESP,False
682175-0002,682175,1,Magearna V,Silver Tempest,SIT,128,Ultra Rare,UR,ENG,False
682175-0001,682175,4,Magearna V,Silver Tempest,SIT,128,Ultra Rare,UR,ESP,False
682182-0002,682182,4,Regidrago V,Silver Tempest,SIT,135,Ultra Rare,UR,ENG,False
682182-0001,682182,2,Regidrago V,Silver Tempest,SIT,135,Ultra Rare,UR,ESP,False
682183-0001,682183,2,Regidrago VSTAR,Silver Tempest,SIT,136,Ultra Rare,UR,ESP,False
682236-0002,682236,1,Brandon,Silver Tempest,SIT,188,Ultra Rare,UR,ENG,False
682241-0001,682241,1,Serena,Silver Tempest,SIT,193,Ultra Rare,UR,ESP,False
682261-0001,682261,1,Energy Switch,Silver Tempest,SIT,212,Secret Rare,SR,ESP,False
702315-0002,702315,4,Spidops ex,Scarlet & Violet,SVI,019,Double Rare,RR,ENG,False
702315-0001,702315,2,Spidops ex,Scarlet & Violet,SVI,019,Double Rare,RR,ESP,False
702328-0002,702328,1,Arcanine ex,Scarlet & Violet,SVI,032,Double Rare,RR,ENG,False
702340-0002,702340,3,Gyarados ex,Scarlet & Violet,SVI,045,Double Rare,RR,ENG,False
702340-0001,702340,3,Gyarados ex,Scarlet & Violet,SVI,045,Double Rare,RR,ESP,False
702361-0002,702361,3,Magnezone ex,Scarlet & Violet,SVI,065,Double Rare,RR,ENG,False
702361-0001,702361,3,Magnezone ex,Scarlet & Violet,SVI,065,Double Rare,RR,ESP,False
689766-0002,689766,10,Miraidon ex,Scarlet & Violet,SVI,081,Double Rare,RR,ENG,False
689766-0001,689766,1,Miraidon ex,Scarlet & Violet,SVI,081,Double Rare,RR,ESP,False
702382-0002,702382,6,Gardevoir ex,Scarlet & Violet,SVI,086,Double Rare,RR,ENG,False
702384-0002,702384,5,Banette ex,Scarlet & Violet,SVI,088,Double Rare,RR,ENG,False
702384-0001,702384,1,Banette ex,Scarlet & Violet,SVI,088,Double Rare,RR,ESP,False
702419-0002,702419,2,Great Tusk ex,Scarlet & Violet,SVI,123,Double Rare,RR,ENG,False
702419-0001,702419,2,Great Tusk ex,Scarlet & Violet,SVI,123,Double Rare,RR,ESP,False
689767-0002,689767,2,Koraidon ex,Scarlet & Violet,SVI,125,Double Rare,RR,ENG,False
689767-0001,689767,4,Koraidon ex,Scarlet & Violet,SVI,125,Double Rare,RR,ESP,False
702426-0002,702426,6,Toxicroak ex,Scarlet & Violet,SVI,131,Double Rare,RR,ENG,False
702426-0001,702426,1,Toxicroak ex,Scarlet & Violet,SVI,131,Double Rare,RR,ESP,False
702439-0002,702439,5,Iron Treads ex,Scarlet & Violet,SVI,143,Double Rare,RR,ENG,False
702439-0001,702439,5,Iron Treads ex,Scarlet & Violet,SVI,143,Double Rare,RR,ESP,False
702454-0002,702454,5,Oinkologne ex,Scarlet & Violet,SVI,158,Double Rare,RR,ENG,False
702496-0001,702496,1,Dolliv,Scarlet & Violet,SVI,200,Illustration Rare,IR,ESP,False
702508-0002,702508,1,Kirlia,Scarlet & Violet,SVI,212,Illustration Rare,IR,ENG,False
702508-0001,702508,1,Kirlia,Scarlet & Violet,SVI,212,Illustration Rare,IR,ESP,False
702510-0002,702510,1,Greavard,Scarlet & Violet,SVI,214,Illustration Rare,IR,ENG,False
702513-0001,702513,1,Klawf,Scarlet & Violet,SVI,217,Illustration Rare,IR,ESP,False
702524-0001,702524,1,Gardevoir ex,Scarlet & Violet,SVI,228,Ultra Rare,UR,ESP,False
702532-0002,702532,1,Jacq,Scarlet & Violet,SVI,236,Ultra Rare,UR,ENG,False
702533-0002,702533,1,Katy,Scarlet & Violet,SVI,237,Ultra Rare,UR,ENG,False
702538-0002,702538,1,Team Star Grunt,Scarlet & Violet,SVI,242,Ultra Rare,UR,ENG,False
702538-0001,702538,1,Team Star Grunt,Scarlet & Violet,SVI,242,Ultra Rare,UR,ESP,False
702541-0001,702541,1,Gardevoir ex,Scarlet & Violet,SVI,245,Special Illustration Rare,SAR,ESP,False
702545-0002,702545,1,Arven,Scarlet & Violet,SVI,249,Special Illustration Rare,SAR,ENG,False
702548-0001,702548,1,Penny,Scarlet & Violet,SVI,252,Special Illustration Rare,SAR,ESP,False
702552-0001,702552,3,Rare Candy,Scarlet & Violet,SVI,256,Secret Rare,SR,ESP,False
691730-0001,691730,2,Leafeon V,Crown Zenith,CRZ,013,Ultra Rare,UR,ESP,False
691739-0001,691739,1,Simisear V,Crown Zenith,CRZ,022,Ultra Rare,UR,ESP,False
691740-0001,691740,1,Simisear VSTAR,Crown Zenith,CRZ,023,Ultra Rare,UR,ESP,False
691921-0001,691921,1,Raikou V,Crown Zenith,CRZ,GG41,Ultra Rare,UR,ESP,False
691762-0001,691762,1,Rotom V,Crown Zenith,CRZ,045,Ultra Rare,UR,ESP,False
691763-0001,691763,1,Rotom VSTAR,Crown Zenith,CRZ,046,Ultra Rare,UR,ESP,False
691768-0001,691768,2,Radiant Charjabug,Crown Zenith,CRZ,051,Ultra Rare,UR,ESP,False
691770-0001,691770,1,Zeraora V,Crown Zenith,CRZ,053,Ultra Rare,UR,ESP,False
691771-0002,691771,1,Zeraora VMAX,Crown Zenith,CRZ,054,Ultra Rare,UR,ENG,False
691772-0001,691772,2,Zeraora VSTAR,Crown Zenith,CRZ,055,Ultra Rare,UR,ESP,False
691939-0001,691939,1,Colress's Experiment,Crown Zenith,CRZ,GG59,Ultra Rare,UR,ESP,False
691942-0001,691942,1,Grant,Crown Zenith,CRZ,GG62,Ultra Rare,UR,ESP,False
691782-0001,691782,5,Hatterene V,Crown Zenith,CRZ,065,Ultra Rare,UR,ESP,False
691945-0001,691945,1,Raihan,Crown Zenith,CRZ,GG65,Ultra Rare,UR,ESP,False
691817-0002,691817,1,Zamazenta V,Crown Zenith,CRZ,098,Ultra Rare,UR,ENG,False
691817-0001,691817,3,Zamazenta V,Crown Zenith,CRZ,098,Ultra Rare,UR,ESP,False
691823-0001,691823,3,Duraludon VMAX,Crown Zenith,CRZ,104,Ultra Rare,UR,ESP,False
691832-0002,691832,4,Regigigas V,Crown Zenith,CRZ,113,Ultra Rare,UR,ENG,False
691833-0001,691833,2,Regigigas VSTAR,Crown Zenith,CRZ,114,Ultra Rare,UR,ESP,False
691835-0001,691835,2,Stoutland V,Crown Zenith,CRZ,116,Ultra Rare,UR,ESP,False
691839-0001,691839,5,Greedent V,Crown Zenith,CRZ,120,Ultra Rare,UR,ESP,False
691868-0001,691868,1,Friends in Sinnoh,Crown Zenith,CRZ,149,Ultra Rare,UR,ESP,False
693180-0001,693180,1,Miriam,Violet ex,sv1V,105,Special Illustration Rare,SAR,JPN,False
701130-0002,701130,1,Mimikyu ex,SV Black Star Promos,SVP,004,Promo,PROMO,ENG,False
701130-0001,701130,1,Mimikyu ex,SV Black Star Promos,SVP,004,Promo,PROMO,ESP,False
703188-0002,703188,1,Cyclizar ex,SV Black Star Promos,SVP,018,Promo,PROMO,ENG,False
703197-0002,703197,1,Miraidon ex,SV Black Star Promos,SVP,028,Promo,PROMO,ENG,False
703198-0002,703198,1,Koraidon ex,SV Black Star Promos,SVP,029,Promo,PROMO,ENG,False
703198-0001,703198,1,Koraidon ex,SV Black Star Promos,SVP,029,Promo,PROMO,ESP,False
709541-0001,709541,1,Annihilape ex,SV Black Star Promos,SVP,032,Promo,PROMO,ESP,False
720130-0002,720130,1,Skeledirge ex,SV Black Star Promos,SVP,034,Promo,PROMO,ENG,False
720392-0002,720392,1,Zapdos ex,SV Black Star Promos,SVP,049,Promo,PROMO,ENG,False
720392-0001,720392,2,Zapdos ex,SV Black Star Promos,SVP,049,Promo,PROMO,ESP,False
720394-0002,720394,1,Alakazam ex,SV Black Star Promos,SVP,050,Promo,PROMO,ENG,False
720394-0001,720394,6,Alakazam ex,SV Black Star Promos,SVP,050,Promo,PROMO,ESP,False
740409-0002,740409,1,Iron Valiant ex,SV Black Star Promos,SVP,068,Promo,PROMO,ENG,False
751793-0002,751793,1,Fidough,SV Black Star Promos,SVP,069,Promo,PROMO,ENG,False
751794-0002,751794,2,Greavard,SV Black Star Promos,SVP,070,Promo,PROMO,ENG,False
751794-0001,751794,1,Greavard,SV Black Star Promos,SVP,070,Promo,PROMO,ESP,False
751797-0002,751797,1,Iron Treads ex,SV Black Star Promos,SVP,073,Promo,PROMO,ENG,False
751810-0001,751810,7,Mabosstiff ex,SV Black Star Promos,SVP,086,Promo,PROMO,ESP,False
764544-0002,764544,1,Grafaiai ex,SV Black Star Promos,SVP,100,Promo,PROMO,ENG,False
764544-0001,764544,5,Grafaiai ex,SV Black Star Promos,SVP,100,Promo,PROMO,ESP,False
766667-0001,766667,1,Armarouge ex,SV Black Star Promos,SVP,125,Promo,PROMO,ESP,False
769425-0001,769425,1,Walking Wake ex,SV Black Star Promos,SVP,127,Promo,PROMO,ESP,False
769426-0002,769426,2,Iron Leaves ex,SV Black Star Promos,SVP,128,Promo,PROMO,ENG,False
769426-0001,769426,2,Iron Leaves ex,SV Black Star Promos,SVP,128,Promo,PROMO,ESP,False
770948-0002,770948,1,Pecharunt,SV Black Star Promos,SVP,129,Promo,PROMO,ENG,False
788037-0002,788037,1,Noctowl,SV Black Star Promos,SVP,141,Promo,PROMO,ENG,False
775959-0002,775959,2,Raging Bolt ex,SV Black Star Promos,SVP,145,Promo,PROMO,ENG,False
775961-0002,775961,1,Iron Boulder ex,SV Black Star Promos,SVP,147,Promo,PROMO,ENG,False
791829-0001,791829,1,Squawkabilly ex,SV Black Star Promos,SVP,160,Promo,PROMO,ESP,False
796944-0002,796944,1,Terapagos ex,SV Black Star Promos,SVP,165,Promo,PROMO,ENG,False
796946-0002,796946,1,Teal Mask Ogerpon ex,SV Black Star Promos,SVP,166,Promo,PROMO,ENG,False
796948-0001,796948,1,Bloodmoon Ursaluna ex,SV Black Star Promos,SVP,177,Promo,PROMO,ESP,False
810394-0001,810394,2,Xerneas ex,SV Black Star Promos,SVP,179,Promo,PROMO,ESP,False
810395-0001,810395,3,Dialga ex,SV Black Star Promos,SVP,180,Promo,PROMO,ESP,False
819265-0002,819265,2,Hop's Zacian ex,SV Black Star Promos,SVP,193,Promo,PROMO,ENG,False
819265-0001,819265,2,Hop's Zacian ex,SV Black Star Promos,SVP,193,Promo,PROMO,ESP,False
821616-0002,821616,1,Charizard ex,SV Black Star Promos,SVP,196,Promo,PROMO,ENG,False
813956-0001,813956,1,Koraidon ex,SV Black Star Promos,SVP,197,Promo,PROMO,ESP,False
813957-0001,813957,1,Zacian ex,SV Black Star Promos,SVP,198,Promo,PROMO,ESP,False
830110-0002,830110,1,Team Rocket's Mewtwo ex,SV Black Star Promos,SVP,205,Promo,PROMO,ENG,False
830110-0001,830110,1,Team Rocket's Mewtwo ex,SV Black Star Promos,SVP,205,Promo,PROMO,ESP,False
836659-0001,836659,2,Gothitelle,SV Black Star Promos,SVP,211,Promo,PROMO,ESP,False
836658-0002,836658,1,Reuniclus,SV Black Star Promos,SVP,212,Promo,PROMO,ENG,False
715477-0002,715477,3,Forretress ex,Paldea Evolved,PAL,005,Double Rare,RR,ENG,False
715477-0001,715477,1,Forretress ex,Paldea Evolved,PAL,005,Double Rare,RR,ESP,False
715488-0002,715488,4,Meowscarada ex,Paldea Evolved,PAL,015,Double Rare,RR,ENG,False
715488-0001,715488,4,Meowscarada ex,Paldea Evolved,PAL,015,Double Rare,RR,ESP,False
715500-0002,715500,2,Wo-Chien ex,Paldea Evolved,PAL,027,Double Rare,RR,ENG,False
715511-0002,715511,1,Skeledirge ex,Paldea Evolved,PAL,037,Double Rare,RR,ENG,False
715511-0001,715511,3,Skeledirge ex,Paldea Evolved,PAL,037,Double Rare,RR,ESP,False
715514-0002,715514,1,Chi-Yu ex,Paldea Evolved,PAL,040,Double Rare,RR,ENG,False
715527-0002,715527,4,Quaquaval ex,Paldea Evolved,PAL,052,Double Rare,RR,ENG,False
715527-0001,715527,2,Quaquaval ex,Paldea Evolved,PAL,052,Double Rare,RR,ESP,False
715536-0002,715536,2,Chien-Pao ex,Paldea Evolved,PAL,061,Double Rare,RR,ENG,False
715536-0001,715536,2,Chien-Pao ex,Paldea Evolved,PAL,061,Double Rare,RR,ESP,False
715554-0002,715554,1,Bellibolt ex,Paldea Evolved,PAL,079,Double Rare,RR,ENG,False
715554-0001,715554,1,Bellibolt ex,Paldea Evolved,PAL,079,Double Rare,RR,ESP,False
715561-0002,715561,1,Slowking ex,Paldea Evolved,PAL,086,Double Rare,RR,ENG,False
715568-0002,715568,2,Dedenne ex,Paldea Evolved,PAL,093,Double Rare,RR,ENG,False
715568-0001,715568,1,Dedenne ex,Paldea Evolved,PAL,093,Double Rare,RR,ESP,False
715602-0002,715602,3,Ting-Lu ex,Paldea Evolved,PAL,127,Double Rare,RR,ENG,False
715602-0001,715602,2,Ting-Lu ex,Paldea Evolved,PAL,127,Double Rare,RR,ESP,False
715605-0002,715605,4,Paldean Clodsire ex,Paldea Evolved,PAL,130,Double Rare,RR,ENG,False
715605-0001,715605,1,Paldean Clodsire ex,Paldea Evolved,PAL,130,Double Rare,RR,ESP,False
715625-0002,715625,1,Copperajah ex,Paldea Evolved,PAL,150,Double Rare,RR,ENG,False
715625-0001,715625,3,Copperajah ex,Paldea Evolved,PAL,150,Double Rare,RR,ESP,False
715628-0002,715628,1,Noivern ex,Paldea Evolved,PAL,153,Double Rare,RR,ENG,False
715628-0001,715628,4,Noivern ex,Paldea Evolved,PAL,153,Double Rare,RR,ESP,False
715644-0002,715644,1,Squawkabilly ex,Paldea Evolved,PAL,169,Double Rare,RR,ENG,False
715644-0001,715644,2,Squawkabilly ex,Paldea Evolved,PAL,169,Double Rare,RR,ESP,False
715670-0001,715670,1,Tropius,Paldea Evolved,PAL,195,Illustration Rare,IR,ESP,False
715680-0001,715680,1,Eiscue,Paldea Evolved,PAL,205,Illustration Rare,IR,ESP,False
715682-0002,715682,1,Quaxwell,Paldea Evolved,PAL,207,Illustration Rare,IR,ENG,False
715683-0001,715683,1,Frigibax,Paldea Evolved,PAL,208,Illustration Rare,IR,ESP,False
715685-0001,715685,1,Baxcalibur,Paldea Evolved,PAL,210,Illustration Rare,IR,ESP,False
715720-0001,715720,2,Copperajah ex,Paldea Evolved,PAL,245,Ultra Rare,UR,ESP,False
715721-0001,715721,1,Noivern ex,Paldea Evolved,PAL,246,Ultra Rare,UR,ESP,False
715726-0002,715726,1,Falkner,Paldea Evolved,PAL,251,Ultra Rare,UR,ENG,False
715730-0002,715730,1,Saguaro,Paldea Evolved,PAL,255,Ultra Rare,UR,ENG,False
715742-0001,715742,1,Giacomo,Paldea Evolved,PAL,267,Special Illustration Rare,SAR,ESP,False
715751-0001,715751,1,Super Rod,Paldea Evolved,PAL,276,Secret Rare,SR,ESP,False
725102-0001,725102,1,Toedscruel ex,Obsidian Flames,OBF,022,Double Rare,RR,ESP,False
725113-0002,725113,1,Victini ex,Obsidian Flames,OBF,033,Double Rare,RR,ENG,False
725113-0001,725113,1,Victini ex,Obsidian Flames,OBF,033,Double Rare,RR,ESP,False
725146-0002,725146,3,Tyranitar ex,Obsidian Flames,OBF,066,Double Rare,RR,ENG,False
725146-0001,725146,2,Tyranitar ex,Obsidian Flames,OBF,066,Double Rare,RR,ESP,False
725162-0001,725162,1,Clefable ex,Obsidian Flames,OBF,082,Double Rare,RR,ESP,False
725182-0002,725182,1,Houndstone ex,Obsidian Flames,OBF,102,Double Rare,RR,ENG,False
725203-0002,725203,1,Glimmora ex,Obsidian Flames,OBF,123,Double Rare,RR,ENG,False
725204-0002,725204,2,Koraidon ex,Obsidian Flames,OBF,124,Double Rare,RR,ENG,False
725205-0002,725205,2,Charizard ex,Obsidian Flames,OBF,125,Double Rare,RR,ENG,False
725214-0001,725214,1,Houndoom ex,Obsidian Flames,OBF,134,Double Rare,RR,ESP,False
725236-0001,725236,1,Revavroom ex,Obsidian Flames,OBF,156,Double Rare,RR,ESP,False
725239-0002,725239,3,Dragonite ex,Obsidian Flames,OBF,159,Double Rare,RR,ENG,False
725259-0001,725259,1,Greedent ex,Obsidian Flames,OBF,179,Double Rare,RR,ESP,False
725281-0002,725281,2,Bellibolt,Obsidian Flames,OBF,201,Illustration Rare,IR,ENG,False
725283-0002,725283,1,Larvitar,Obsidian Flames,OBF,203,Illustration Rare,IR,ENG,False
725289-0001,725289,1,Lechonk,Obsidian Flames,OBF,209,Illustration Rare,IR,ESP,False
725292-0002,725292,2,Vespiquen ex,Obsidian Flames,OBF,212,Ultra Rare,UR,ENG,False
725307-0001,725307,2,Poppy,Obsidian Flames,OBF,227,Special Illustration Rare,SAR,ESP,False
725310-0001,725310,2,Fire Energy,Obsidian Flames,OBF,230,Secret Rare,SR,ESP,False
733598-0002,733598,6,Venusaur ex,151,MEW,003,Double Rare,RR,ENG,False
733604-0002,733604,14,Blastoise ex,151,MEW,009,Double Rare,RR,ENG,False
733633-0002,733633,1,Ninetales ex,151,MEW,038,Double Rare,RR,ENG,False
733633-0001,733633,3,Ninetales ex,151,MEW,038,Double Rare,RR,ESP,False
733635-0002,733635,5,Wigglytuff ex,151,MEW,040,Double Rare,RR,ENG,False
733660-0002,733660,5,Alakazam ex,151,MEW,065,Double Rare,RR,ENG,False
733671-0002,733671,5,Golem ex,151,MEW,076,Double Rare,RR,ENG,False
733710-0002,733710,3,Kangaskhan ex,151,MEW,115,Double Rare,RR,ENG,False
733719-0002,733719,1,Jynx ex,151,MEW,124,Double Rare,RR,ENG,False
733740-0002,733740,2,Zapdos ex,151,MEW,145,Double Rare,RR,ENG,False
733746-0002,733746,2,Mew ex,151,MEW,151,Double Rare,RR,ENG,False
733767-0001,733767,1,Caterpie,151,MEW,172,Illustration Rare,IR,ESP,False
733801-0002,733801,2,Switch,151,MEW,206,Secret Rare,SR,ENG,False
733801-0001,733801,1,Switch,151,MEW,206,Secret Rare,SR,ESP,False
740503-0002,740503,1,Armarouge ex,Paradox Rift,PAR,027,Double Rare,RR,ENG,False
740514-0002,740514,4,Garchomp ex,Paradox Rift,PAR,038,Double Rare,RR,ENG,False
740526-0002,740526,2,Tsareena ex,Paradox Rift,PAR,046,Double Rare,RR,ENG,False
740526-0001,740526,5,Tsareena ex,Paradox Rift,PAR,046,Double Rare,RR,ESP,False
740535-0002,740535,4,Golisopod ex,Paradox Rift,PAR,050,Double Rare,RR,ENG,False
740562-0001,740562,3,Iron Hands ex,Paradox Rift,PAR,070,Double Rare,RR,ESP,False
740568-0002,740568,1,Cofagrigus ex,Paradox Rift,PAR,076,Double Rare,RR,ENG,False
740568-0001,740568,2,Cofagrigus ex,Paradox Rift,PAR,076,Double Rare,RR,ESP,False
740582-0002,740582,4,Iron Valiant ex,Paradox Rift,PAR,089,Double Rare,RR,ENG,False
740582-0001,740582,1,Iron Valiant ex,Paradox Rift,PAR,089,Double Rare,RR,ESP,False
740611-0001,740611,2,Hoopa ex,Paradox Rift,PAR,098,Double Rare,RR,ESP,False
740614-0002,740614,3,Toxtricity ex,Paradox Rift,PAR,100,Double Rare,RR,ENG,False
740625-0002,740625,3,Sandy Shocks ex,Paradox Rift,PAR,108,Double Rare,RR,ENG,False
740661-0002,740661,2,Roaring Moon ex,Paradox Rift,PAR,124,Double Rare,RR,ENG,False
740661-0001,740661,2,Roaring Moon ex,Paradox Rift,PAR,124,Double Rare,RR,ESP,False
740673-0001,740673,2,Aegislash ex,Paradox Rift,PAR,135,Double Rare,RR,ESP,False
740675-0002,740675,3,Skeledirge ex,Paradox Rift,PAR,137,Double Rare,RR,ENG,False
740675-0001,740675,2,Skeledirge ex,Paradox Rift,PAR,137,Double Rare,RR,ESP,False
740677-0002,740677,7,Gholdengo ex,Paradox Rift,PAR,139,Double Rare,RR,ENG,False
740678-0002,740678,5,Altaria ex,Paradox Rift,PAR,140,Double Rare,RR,ENG,False
740678-0001,740678,3,Altaria ex,Paradox Rift,PAR,140,Double Rare,RR,ESP,False
740696-0002,740696,5,Bombirdier ex,Paradox Rift,PAR,156,Double Rare,RR,ENG,False
740696-0001,740696,2,Bombirdier ex,Paradox Rift,PAR,156,Double Rare,RR,ESP,False
740726-0001,740726,1,Crustle,Paradox Rift,PAR,183,Illustration Rare,IR,ESP,False
740731-0001,740731,1,Snorunt,Paradox Rift,PAR,188,Illustration Rare,IR,ESP,False
740732-0002,740732,1,Mantyke,Paradox Rift,PAR,189,Illustration Rare,IR,ENG,False
740732-0001,740732,1,Mantyke,Paradox Rift,PAR,189,Illustration Rare,IR,ESP,False
740741-0001,740741,1,Gimmighoul,Paradox Rift,PAR,198,Illustration Rare,IR,ESP,False
740742-0001,740742,1,Groudon,Paradox Rift,PAR,199,Illustration Rare,IR,ESP,False
740743-0002,740743,1,Mienshao,Paradox Rift,PAR,200,Illustration Rare,IR,ENG,False
740743-0001,740743,2,Mienshao,Paradox Rift,PAR,200,Illustration Rare,IR,ESP,False
740744-0002,740744,1,Minior,Paradox Rift,PAR,201,Illustration Rare,IR,ENG,False
740745-0002,740745,1,Garganacl,Paradox Rift,PAR,202,Illustration Rare,IR,ENG,False
740746-0002,740746,1,Slither Wing,Paradox Rift,PAR,203,Illustration Rare,IR,ENG,False
740748-0002,740748,1,Yveltal,Paradox Rift,PAR,205,Illustration Rare,IR,ENG,False
740752-0002,740752,1,Ferrothorn,Paradox Rift,PAR,209,Illustration Rare,IR,ENG,False
740761-0002,740761,1,Armarouge ex,Paradox Rift,PAR,218,Ultra Rare,UR,ENG,False
740763-0002,740763,2,Tsareena ex,Paradox Rift,PAR,220,Ultra Rare,UR,ENG,False
740768-0002,740768,1,Iron Valiant ex,Paradox Rift,PAR,225,Ultra Rare,UR,ENG,False
740771-0001,740771,1,Sandy Shocks ex,Paradox Rift,PAR,228,Ultra Rare,UR,ESP,False
740777-0001,740777,1,Bombirdier ex,Paradox Rift,PAR,234,Ultra Rare,UR,ESP,False
740778-0002,740778,2,Larry,Paradox Rift,PAR,235,Ultra Rare,UR,ENG,False
740778-0001,740778,1,Larry,Paradox Rift,PAR,235,Ultra Rare,UR,ESP,False
740779-0002,740779,1,Mela,Paradox Rift,PAR,236,Ultra Rare,UR,ENG,False
740782-0002,740782,1,Professor Sada's Vitality,Paradox Rift,PAR,239,Ultra Rare,UR,ENG,False
740783-0001,740783,1,Professor Turo's Scenario,Paradox Rift,PAR,240,Ultra Rare,UR,ESP,False
740786-0002,740786,1,Shauntal,Paradox Rift,PAR,243,Ultra Rare,UR,ENG,False
740787-0002,740787,1,Tulip,Paradox Rift,PAR,244,Ultra Rare,UR,ENG,False
740799-0002,740799,1,Professor Sada's Vitality,Paradox Rift,PAR,256,Special Illustration Rare,SAR,ENG,False
740800-0002,740800,1,Professor Turo's Scenario,Paradox Rift,PAR,257,Special Illustration Rare,SAR,ENG,False
740809-0002,740809,1,Reversal Energy,Paradox Rift,PAR,266,Secret Rare,SR,ENG,False
751528-0002,751528,6,Forretress ex,Paldean Fates,PAF,002,Double Rare,RR,ENG,False
751528-0001,751528,3,Forretress ex,Paldean Fates,PAF,002,Double Rare,RR,ESP,False
751531-0002,751531,1,Toedscruel ex,Paldean Fates,PAF,005,Double Rare,RR,ENG,False
751531-0001,751531,1,Toedscruel ex,Paldean Fates,PAF,005,Double Rare,RR,ESP,False
751532-0002,751532,4,Espathra ex,Paldean Fates,PAF,006,Double Rare,RR,ENG,False
751532-0001,751532,5,Espathra ex,Paldean Fates,PAF,006,Double Rare,RR,ESP,False
751562-0002,751562,1,Gardevoir ex,Paldean Fates,PAF,029,Double Rare,RR,ENG,False
751562-0001,751562,6,Gardevoir ex,Paldean Fates,PAF,029,Double Rare,RR,ESP,False
751590-0002,751590,7,Great Tusk ex,Paldean Fates,PAF,053,Double Rare,RR,ENG,False
751590-0001,751590,3,Great Tusk ex,Paldean Fates,PAF,053,Double Rare,RR,ESP,False
751597-0002,751597,4,Paldean Clodsire ex,Paldean Fates,PAF,059,Double Rare,RR,ENG,False
751597-0001,751597,4,Paldean Clodsire ex,Paldean Fates,PAF,059,Double Rare,RR,ESP,False
751604-0002,751604,8,Iron Treads ex,Paldean Fates,PAF,066,Double Rare,RR,ENG,False
751604-0001,751604,5,Iron Treads ex,Paldean Fates,PAF,066,Double Rare,RR,ESP,False
751607-0002,751607,11,Noivern ex,Paldean Fates,PAF,069,Double Rare,RR,ENG,False
751607-0001,751607,3,Noivern ex,Paldean Fates,PAF,069,Double Rare,RR,ESP,False
751613-0002,751613,9,Squawkabilly ex,Paldean Fates,PAF,075,Double Rare,RR,ENG,False
751613-0001,751613,2,Squawkabilly ex,Paldean Fates,PAF,075,Double Rare,RR,ESP,False
751633-0002,751633,1,Vileplume,Paldean Fates,PAF,094,Shiny Rare,SHR,ENG,False
751640-0001,751640,1,Abomasnow,Paldean Fates,PAF,101,Shiny Rare,SHR,ESP,False
751703-0002,751703,1,Flittle,Paldean Fates,PAF,164,Shiny Rare,SHR,ENG,False
751710-0002,751710,1,Annihilape,Paldean Fates,PAF,171,Shiny Rare,SHR,ENG,False
751732-0002,751732,1,Revavroom,Paldean Fates,PAF,193,Shiny Rare,SHR,ENG,False
751752-0001,751752,2,Toedscruel ex,Paldean Fates,PAF,213,Shiny Ultra Rare,SHUR,ESP,False
751765-0002,751765,1,Glimmora ex,Paldean Fates,PAF,218,Shiny Ultra Rare,SHUR,ENG,False
751765-0001,751765,4,Glimmora ex,Paldean Fates,PAF,218,Shiny Ultra Rare,SHUR,ESP,False
751767-0001,751767,1,Noivern ex,Paldean Fates,PAF,220,Shiny Ultra Rare,SHUR,ESP,False
751770-0002,751770,1,Squawkabilly ex,Paldean Fates,PAF,223,Shiny Ultra Rare,SHUR,ENG,False
751770-0001,751770,1,Squawkabilly ex,Paldean Fates,PAF,223,Shiny Ultra Rare,SHUR,ESP,False
751772-0002,751772,1,Palafin,Paldean Fates,PAF,225,Illustration Rare,IR,ENG,False
751773-0002,751773,1,Pawmi,Paldean Fates,PAF,226,Illustration Rare,IR,ENG,False
751774-0002,751774,3,Clive,Paldean Fates,PAF,227,Ultra Rare,UR,ENG,False
751774-0001,751774,1,Clive,Paldean Fates,PAF,227,Ultra Rare,UR,ESP,False
751775-0001,751775,1,Judge,Paldean Fates,PAF,228,Ultra Rare,UR,ESP,False
751778-0002,751778,3,Paldean Student,Paldean Fates,PAF,231,Ultra Rare,UR,ENG,False
751786-0002,751786,1,Penny,Paldean Fates,PAF,239,Special Illustration Rare,SAR,ENG,False
756356-0001,756356,1,Koraidon ex,Play! Pokémon Prize Pack Series Four,PPS4,SVI 125,Promo,PROMO,ESP,False
760642-0002,760642,6,Torterra ex,Temporal Forces,TEF,012,Double Rare,RR,ENG,False
760652-0002,760652,5,Scovillain ex,Temporal Forces,TEF,022,Double Rare,RR,ENG,False
760652-0001,760652,1,Scovillain ex,Temporal Forces,TEF,022,Double Rare,RR,ESP,False
760655-0002,760655,1,Iron Leaves ex,Temporal Forces,TEF,025,Double Rare,RR,ENG,False
760655-0001,760655,3,Iron Leaves ex,Temporal Forces,TEF,025,Double Rare,RR,ESP,False
760664-0002,760664,1,Incineroar ex,Temporal Forces,TEF,034,Double Rare,RR,ENG,False
760664-0001,760664,2,Incineroar ex,Temporal Forces,TEF,034,Double Rare,RR,ESP,False
760668-0002,760668,5,Gouging Fire ex,Temporal Forces,TEF,038,Double Rare,RR,ENG,False
760668-0001,760668,3,Gouging Fire ex,Temporal Forces,TEF,038,Double Rare,RR,ESP,False
760680-0002,760680,2,Walking Wake ex,Temporal Forces,TEF,050,Double Rare,RR,ENG,False
760680-0001,760680,3,Walking Wake ex,Temporal Forces,TEF,050,Double Rare,RR,ESP,False
760690-0002,760690,2,Wugtrio ex,Temporal Forces,TEF,060,Double Rare,RR,ENG,False
760690-0001,760690,1,Wugtrio ex,Temporal Forces,TEF,060,Double Rare,RR,ESP,False
760711-0002,760711,5,Iron Crown ex,Temporal Forces,TEF,081,Double Rare,RR,ENG,False
760729-0002,760729,9,Iron Boulder ex,Temporal Forces,TEF,099,Double Rare,RR,ENG,False
760729-0001,760729,1,Iron Boulder ex,Temporal Forces,TEF,099,Double Rare,RR,ESP,False
760734-0001,760734,1,Gengar ex,Temporal Forces,TEF,104,Double Rare,RR,ESP,False
760738-0002,760738,3,Farigiraf ex,Temporal Forces,TEF,108,Double Rare,RR,ENG,False
760738-0001,760738,2,Farigiraf ex,Temporal Forces,TEF,108,Double Rare,RR,ESP,False
760741-0002,760741,3,Scizor ex,Temporal Forces,TEF,111,Double Rare,RR,ENG,False
760741-0001,760741,3,Scizor ex,Temporal Forces,TEF,111,Double Rare,RR,ESP,False
760750-0002,760750,3,Koraidon ex,Temporal Forces,TEF,120,Double Rare,RR,ENG,False
760750-0001,760750,5,Koraidon ex,Temporal Forces,TEF,120,Double Rare,RR,ESP,False
760752-0002,760752,11,Miraidon ex,Temporal Forces,TEF,122,Double Rare,RR,ENG,False
760753-0002,760753,9,Raging Bolt ex,Temporal Forces,TEF,123,Double Rare,RR,ENG,False
760753-0001,760753,2,Raging Bolt ex,Temporal Forces,TEF,123,Double Rare,RR,ESP,False
760797-0001,760797,1,Litten,Temporal Forces,TEF,167,Illustration Rare,IR,ESP,False
760803-0002,760803,1,Relicanth,Temporal Forces,TEF,173,Illustration Rare,IR,ENG,False
760810-0001,760810,1,Lickitung,Temporal Forces,TEF,180,Illustration Rare,IR,ESP,False
760832-0001,760832,1,Salvatore,Temporal Forces,TEF,202,Ultra Rare,UR,ESP,False
769197-0002,769197,8,Sinistcha ex,Twilight Masquerade,TWM,023,Double Rare,RR,ENG,False
769197-0001,769197,3,Sinistcha ex,Twilight Masquerade,TWM,023,Double Rare,RR,ESP,False
769199-0001,769199,1,Teal Mask Ogerpon ex,Twilight Masquerade,TWM,025,Double Rare,RR,ESP,False
769203-0002,769203,13,Magcargo ex,Twilight Masquerade,TWM,029,Double Rare,RR,ENG,False
769203-0001,769203,2,Magcargo ex,Twilight Masquerade,TWM,029,Double Rare,RR,ESP,False
769214-0002,769214,9,Hearthflame Mask Ogerpon ex,Twilight Masquerade,TWM,040,Double Rare,RR,ENG,False
769235-0002,769235,6,Palafin ex,Twilight Masquerade,TWM,061,Double Rare,RR,ENG,False
769235-0001,769235,1,Palafin ex,Twilight Masquerade,TWM,061,Double Rare,RR,ESP,False
769238-0002,769238,4,Wellspring Mask Ogerpon ex,Twilight Masquerade,TWM,064,Double Rare,RR,ENG,False
769238-0001,769238,1,Wellspring Mask Ogerpon ex,Twilight Masquerade,TWM,064,Double Rare,RR,ESP,False
769242-0002,769242,4,Luxray ex,Twilight Masquerade,TWM,068,Double Rare,RR,ENG,False
769242-0001,769242,3,Luxray ex,Twilight Masquerade,TWM,068,Double Rare,RR,ESP,False
769251-0002,769251,1,Iron Thorns ex,Twilight Masquerade,TWM,077,Double Rare,RR,ENG,False
769251-0001,769251,1,Iron Thorns ex,Twilight Masquerade,TWM,077,Double Rare,RR,ESP,False
769268-0002,769268,4,Scream Tail ex,Twilight Masquerade,TWM,094,Double Rare,RR,ENG,False
769268-0001,769268,7,Scream Tail ex,Twilight Masquerade,TWM,094,Double Rare,RR,ESP,False
769286-0002,769286,3,Cornerstone Mask Ogerpon ex,Twilight Masquerade,TWM,112,Double Rare,RR,ENG,False
769304-0002,769304,1,Dragapult ex,Twilight Masquerade,TWM,130,Double Rare,RR,ENG,False
769308-0002,769308,1,Blissey ex,Twilight Masquerade,TWM,134,Double Rare,RR,ENG,False
769308-0001,769308,1,Blissey ex,Twilight Masquerade,TWM,134,Double Rare,RR,ESP,False
769315-0001,769315,1,Bloodmoon Ursaluna ex,Twilight Masquerade,TWM,141,Double Rare,RR,ESP,False
769345-0001,769345,1,Poltchageist,Twilight Masquerade,TWM,171,Illustration Rare,IR,ESP,False
769346-0001,769346,1,Torkoal,Twilight Masquerade,TWM,172,Illustration Rare,IR,ESP,False
769348-0001,769348,1,Froslass,Twilight Masquerade,TWM,174,Illustration Rare,IR,ESP,False
769350-0002,769350,2,Cramorant,Twilight Masquerade,TWM,176,Illustration Rare,IR,ENG,False
769352-0002,769352,1,Wattrel,Twilight Masquerade,TWM,178,Illustration Rare,IR,ENG,False
769356-0002,769356,1,Probopass,Twilight Masquerade,TWM,182,Illustration Rare,IR,ENG,False
769357-0002,769357,1,Timburr,Twilight Masquerade,TWM,183,Illustration Rare,IR,ENG,False
769363-0002,769363,2,Sinistcha ex,Twilight Masquerade,TWM,189,Ultra Rare,UR,ENG,False
769365-0001,769365,1,Magcargo ex,Twilight Masquerade,TWM,191,Ultra Rare,UR,ESP,False
769367-0002,769367,1,Palafin ex,Twilight Masquerade,TWM,193,Ultra Rare,UR,ENG,False
769376-0001,769376,1,Bloodmoon Ursaluna ex,Twilight Masquerade,TWM,202,Ultra Rare,UR,ESP,False
769377-0002,769377,1,Caretaker,Twilight Masquerade,TWM,203,Ultra Rare,UR,ENG,False
769377-0001,769377,1,Caretaker,Twilight Masquerade,TWM,203,Ultra Rare,UR,ESP,False
769382-0002,769382,1,Lucian,Twilight Masquerade,TWM,208,Ultra Rare,UR,ENG,False
769386-0002,769386,1,Hearthflame Mask Ogerpon ex,Twilight Masquerade,TWM,212,Special Illustration Rare,SAR,ENG,False
769397-0001,769397,1,Buddy-Buddy Poffin,Twilight Masquerade,TWM,223,Secret Rare,SR,ESP,False
769399-0001,769399,1,Rescue Board,Twilight Masquerade,TWM,225,Secret Rare,SR,ESP,False
780902-0002,780902,6,Kingdra ex,Shrouded Fable,SFA,012,Double Rare,RR,ENG,False
780905-0002,780905,10,Revavroom ex,Shrouded Fable,SFA,015,Double Rare,RR,ENG,False
780905-0001,780905,1,Revavroom ex,Shrouded Fable,SFA,015,Double Rare,RR,ESP,False
780931-0002,780931,6,Okidogi ex,Shrouded Fable,SFA,036,Double Rare,RR,ENG,False
780932-0002,780932,11,Munkidori ex,Shrouded Fable,SFA,037,Double Rare,RR,ENG,False
780932-0001,780932,3,Munkidori ex,Shrouded Fable,SFA,037,Double Rare,RR,ESP,False
780933-0002,780933,3,Fezandipiti ex,Shrouded Fable,SFA,038,Double Rare,RR,ENG,False
780963-0001,780963,1,Duskull,Shrouded Fable,SFA,068,Illustration Rare,IR,ESP,False
780965-0001,780965,2,Dusknoir,Shrouded Fable,SFA,070,Illustration Rare,IR,ESP,False
780968-0002,780968,1,Fezandipiti,Shrouded Fable,SFA,073,Illustration Rare,IR,ENG,False
780972-0002,780972,1,Fraxure,Shrouded Fable,SFA,077,Illustration Rare,IR,ENG,False
780977-0002,780977,1,Okidogi ex,Shrouded Fable,SFA,082,Ultra Rare,UR,ENG,False
780982-0001,780982,1,Colress's Tenacity,Shrouded Fable,SFA,087,Ultra Rare,UR,ESP,False
780987-0002,780987,1,Fezandipiti ex,Shrouded Fable,SFA,092,Special Illustration Rare,SAR,ENG,False
782247-0001,782247,1,Gardevoir ex,Play! Pokémon Prize Pack Series Five,PPS5,SVI 086,Promo,PROMO,ESP,False
785867-0001,785867,2,Hydrapple ex,Stellar Crown,SCR,014,Double Rare,RR,ESP,False
785881-0002,785881,5,Cinderace ex,Stellar Crown,SCR,028,Double Rare,RR,ENG,False
785881-0001,785881,2,Cinderace ex,Stellar Crown,SCR,028,Double Rare,RR,ESP,False
785886-0002,785886,1,Lapras ex,Stellar Crown,SCR,032,Double Rare,RR,ENG,False
785886-0001,785886,4,Lapras ex,Stellar Crown,SCR,032,Double Rare,RR,ESP,False
785895-0002,785895,3,Greninja ex,Stellar Crown,SCR,041,Double Rare,RR,ENG,False
785905-0002,785905,5,Galvantula ex,Stellar Crown,SCR,051,Double Rare,RR,ENG,False
785905-0001,785905,2,Galvantula ex,Stellar Crown,SCR,051,Double Rare,RR,ESP,False
785921-0002,785921,3,Dachsbun ex,Stellar Crown,SCR,067,Double Rare,RR,ENG,False
785921-0001,785921,4,Dachsbun ex,Stellar Crown,SCR,067,Double Rare,RR,ESP,False
785934-0002,785934,6,Medicham ex,Stellar Crown,SCR,080,Double Rare,RR,ENG,False
785936-0001,785936,2,Lucario ex,Stellar Crown,SCR,082,Double Rare,RR,ESP,False
785943-0002,785943,5,Garganacl ex,Stellar Crown,SCR,089,Double Rare,RR,ENG,False
785959-0002,785959,3,Melmetal ex,Stellar Crown,SCR,105,Double Rare,RR,ENG,False
785959-0001,785959,7,Melmetal ex,Stellar Crown,SCR,105,Double Rare,RR,ESP,False
785964-0002,785964,9,Orthworm ex,Stellar Crown,SCR,110,Double Rare,RR,ENG,False
785964-0001,785964,3,Orthworm ex,Stellar Crown,SCR,110,Double Rare,RR,ESP,False
785982-0002,785982,1,Terapagos ex,Stellar Crown,SCR,128,Double Rare,RR,ENG,False
786000-0001,786000,1,Turtonator,Stellar Crown,SCR,146,Illustration Rare,IR,ESP,False
786001-0001,786001,2,Raboot,Stellar Crown,SCR,147,Illustration Rare,IR,ESP,False
786010-0002,786010,2,Hydrapple ex,Stellar Crown,SCR,156,Ultra Rare,UR,ENG,False
786010-0001,786010,1,Hydrapple ex,Stellar Crown,SCR,156,Ultra Rare,UR,ESP,False
786012-0001,786012,1,Lapras ex,Stellar Crown,SCR,158,Ultra Rare,UR,ESP,False
786016-0001,786016,1,Orthworm ex,Stellar Crown,SCR,162,Ultra Rare,UR,ESP,False
786017-0001,786017,1,Briar,Stellar Crown,SCR,163,Ultra Rare,UR,ESP,False
786019-0002,786019,1,Kofu,Stellar Crown,SCR,165,Ultra Rare,UR,ENG,False
786019-0001,786019,2,Kofu,Stellar Crown,SCR,165,Ultra Rare,UR,ESP,False
794259-0002,794259,2,Durant ex,Surging Sparks,SSP,004,Double Rare,RR,ENG,False
794259-0001,794259,5,Durant ex,Surging Sparks,SSP,004,Double Rare,RR,ESP,False
794302-0002,794302,1,Ceruledge ex,Surging Sparks,SSP,036,Double Rare,RR,ENG,False
794302-0001,794302,2,Ceruledge ex,Surging Sparks,SSP,036,Double Rare,RR,ESP,False
794303-0002,794303,2,Scovillain ex,Surging Sparks,SSP,037,Double Rare,RR,ENG,False
794303-0001,794303,8,Scovillain ex,Surging Sparks,SSP,037,Double Rare,RR,ESP,False
794308-0002,794308,1,Milotic ex,Surging Sparks,SSP,042,Double Rare,RR,ENG,False
794308-0001,794308,3,Milotic ex,Surging Sparks,SSP,042,Double Rare,RR,ESP,False
794314-0002,794314,1,Black Kyurem ex,Surging Sparks,SSP,048,Double Rare,RR,ENG,False
794314-0001,794314,2,Black Kyurem ex,Surging Sparks,SSP,048,Double Rare,RR,ESP,False
794350-0002,794350,3,Kilowattrel ex,Surging Sparks,SSP,068,Double Rare,RR,ENG,False
794350-0001,794350,6,Kilowattrel ex,Surging Sparks,SSP,068,Double Rare,RR,ESP,False
794373-0002,794373,2,Latias ex,Surging Sparks,SSP,076,Double Rare,RR,ENG,False
794390-0002,794390,2,Sylveon ex,Surging Sparks,SSP,086,Double Rare,RR,ENG,False
794390-0001,794390,1,Sylveon ex,Surging Sparks,SSP,086,Double Rare,RR,ESP,False
794400-0002,794400,2,Palossand ex,Surging Sparks,SSP,091,Double Rare,RR,ENG,False
794400-0001,794400,5,Palossand ex,Surging Sparks,SSP,091,Double Rare,RR,ESP,False
794429-0002,794429,4,Flygon ex,Surging Sparks,SSP,106,Double Rare,RR,ENG,False
794503-0002,794503,4,Archaludon ex,Surging Sparks,SSP,130,Double Rare,RR,ENG,False
794503-0001,794503,3,Archaludon ex,Surging Sparks,SSP,130,Double Rare,RR,ESP,False
794506-0002,794506,2,Alolan Exeggutor ex,Surging Sparks,SSP,133,Double Rare,RR,ENG,False
794506-0001,794506,1,Alolan Exeggutor ex,Surging Sparks,SSP,133,Double Rare,RR,ESP,False
794515-0002,794515,5,Tatsugiri ex,Surging Sparks,SSP,142,Double Rare,RR,ENG,False
794515-0001,794515,1,Tatsugiri ex,Surging Sparks,SSP,142,Double Rare,RR,ESP,False
794520-0002,794520,8,Slaking ex,Surging Sparks,SSP,147,Double Rare,RR,ENG,False
794520-0001,794520,4,Slaking ex,Surging Sparks,SSP,147,Double Rare,RR,ESP,False
794532-0002,794532,5,Cyclizar ex,Surging Sparks,SSP,159,Double Rare,RR,ENG,False
794532-0001,794532,2,Cyclizar ex,Surging Sparks,SSP,159,Double Rare,RR,ESP,False
794533-0002,794533,11,Flamigo ex,Surging Sparks,SSP,160,Double Rare,RR,ENG,False
794533-0001,794533,4,Flamigo ex,Surging Sparks,SSP,160,Double Rare,RR,ESP,False
794566-0001,794566,1,Vivillon,Surging Sparks,SSP,193,Illustration Rare,IR,ESP,False
794567-0002,794567,1,Shiinotic,Surging Sparks,SSP,194,Illustration Rare,IR,ENG,False
794567-0001,794567,1,Shiinotic,Surging Sparks,SSP,194,Illustration Rare,IR,ESP,False
794568-0001,794568,1,Castform Sunny Form,Surging Sparks,SSP,195,Illustration Rare,IR,ESP,False
794569-0002,794569,2,Larvesta,Surging Sparks,SSP,196,Illustration Rare,IR,ENG,False
794571-0001,794571,1,Feebas,Surging Sparks,SSP,198,Illustration Rare,IR,ESP,False
794572-0001,794572,1,Spheal,Surging Sparks,SSP,199,Illustration Rare,IR,ESP,False
794573-0002,794573,1,Bruxish,Surging Sparks,SSP,200,Illustration Rare,IR,ENG,False
794574-0002,794574,3,Cetitan,Surging Sparks,SSP,201,Illustration Rare,IR,ENG,False
794575-0001,794575,1,Stunfisk,Surging Sparks,SSP,202,Illustration Rare,IR,ESP,False
794577-0001,794577,1,Mesprit,Surging Sparks,SSP,204,Illustration Rare,IR,ESP,False
794583-0002,794583,2,Flapple,Surging Sparks,SSP,210,Illustration Rare,IR,ENG,False
794583-0001,794583,1,Flapple,Surging Sparks,SSP,210,Illustration Rare,IR,ESP,False
794588-0002,794588,1,Durant ex,Surging Sparks,SSP,215,Ultra Rare,UR,ENG,False
794588-0001,794588,1,Durant ex,Surging Sparks,SSP,215,Ultra Rare,UR,ESP,False
794589-0001,794589,2,Scovillain ex,Surging Sparks,SSP,216,Ultra Rare,UR,ESP,False
794593-0002,794593,3,Latias ex,Surging Sparks,SSP,220,Ultra Rare,UR,ENG,False
794597-0002,794597,1,Archaludon ex,Surging Sparks,SSP,224,Ultra Rare,UR,ENG,False
794597-0001,794597,2,Archaludon ex,Surging Sparks,SSP,224,Ultra Rare,UR,ESP,False
794600-0001,794600,1,Slaking ex,Surging Sparks,SSP,227,Ultra Rare,UR,ESP,False
794604-0002,794604,1,Drasna,Surging Sparks,SSP,231,Ultra Rare,UR,ENG,False
794604-0001,794604,1,Drasna,Surging Sparks,SSP,231,Ultra Rare,UR,ESP,False
794605-0001,794605,1,Drayton,Surging Sparks,SSP,232,Ultra Rare,UR,ESP,False
794606-0002,794606,1,Jasmine's Gaze,Surging Sparks,SSP,233,Ultra Rare,UR,ENG,False
794607-0002,794607,2,Lisia's Appeal,Surging Sparks,SSP,234,Ultra Rare,UR,ENG,False
794611-0001,794611,1,Pikachu ex,Surging Sparks,SSP,238,Special Illustration Rare,SAR,ESP,False
794612-0001,794612,1,Latias ex,Surging Sparks,SSP,239,Special Illustration Rare,SAR,ESP,False
794614-0002,794614,2,Archaludon ex,Surging Sparks,SSP,241,Special Illustration Rare,SAR,ENG,False
794617-0002,794617,1,Drayton,Surging Sparks,SSP,244,Special Illustration Rare,SAR,ENG,False
794622-0002,794622,1,Counter Gain,Surging Sparks,SSP,249,Secret Rare,SR,ENG,False
794624-0002,794624,1,Night Stretcher,Surging Sparks,SSP,251,Secret Rare,SR,ENG,False
794624-0001,794624,1,Night Stretcher,Surging Sparks,SSP,251,Secret Rare,SR,ESP,False
803313-0001,803313,1,Leafeon ex,Terastal Festival ex,sv8a,200,Special Illustration Rare,SAR,JPN,False
805400-0002,805400,2,Hydrapple ex,Prismatic Evolutions,PRE,011,Double Rare,RR,ENG,False
805400-0001,805400,1,Hydrapple ex,Prismatic Evolutions,PRE,011,Double Rare,RR,ESP,False
805403-0002,805403,1,Flareon ex,Prismatic Evolutions,PRE,014,Double Rare,RR,ENG,False
805406-0002,805406,2,Hearthflame Mask Ogerpon ex,Prismatic Evolutions,PRE,017,Double Rare,RR,ENG,False
805406-0001,805406,2,Hearthflame Mask Ogerpon ex,Prismatic Evolutions,PRE,017,Double Rare,RR,ESP,False
805412-0001,805412,1,Vaporeon ex,Prismatic Evolutions,PRE,023,Double Rare,RR,ESP,False
805417-0001,805417,2,Pikachu ex,Prismatic Evolutions,PRE,028,Double Rare,RR,ESP,False
805419-0001,805419,3,Jolteon ex,Prismatic Evolutions,PRE,030,Double Rare,RR,ESP,False
805420-0002,805420,2,Iron Hands ex,Prismatic Evolutions,PRE,031,Double Rare,RR,ENG,False
805420-0001,805420,4,Iron Hands ex,Prismatic Evolutions,PRE,031,Double Rare,RR,ESP,False
805421-0002,805421,1,Iron Thorns ex,Prismatic Evolutions,PRE,032,Double Rare,RR,ENG,False
805421-0001,805421,2,Iron Thorns ex,Prismatic Evolutions,PRE,032,Double Rare,RR,ESP,False
805423-0002,805423,1,Espeon ex,Prismatic Evolutions,PRE,034,Double Rare,RR,ENG,False
805440-0002,805440,1,Lucario ex,Prismatic Evolutions,PRE,051,Double Rare,RR,ENG,False
805445-0002,805445,2,Sandy Shocks ex,Prismatic Evolutions,PRE,056,Double Rare,RR,ENG,False
805445-0001,805445,1,Sandy Shocks ex,Prismatic Evolutions,PRE,056,Double Rare,RR,ESP,False
805447-0002,805447,1,Cornerstone Mask Ogerpon ex,Prismatic Evolutions,PRE,058,Double Rare,RR,ENG,False
805462-0002,805462,1,Dragapult ex,Prismatic Evolutions,PRE,073,Double Rare,RR,ENG,False
805462-0001,805462,1,Dragapult ex,Prismatic Evolutions,PRE,073,Double Rare,RR,ESP,False
805465-0001,805465,1,Eevee ex,Prismatic Evolutions,PRE,075,Double Rare,RR,ESP,False
805474-0002,805474,1,Lugia ex,Prismatic Evolutions,PRE,082,Double Rare,RR,ENG,False
805483-0001,805483,3,Noivern ex,Prismatic Evolutions,PRE,091,Double Rare,RR,ESP,False
805484-0002,805484,1,Terapagos ex,Prismatic Evolutions,PRE,092,Double Rare,RR,ENG,False
805484-0001,805484,1,Terapagos ex,Prismatic Evolutions,PRE,092,Double Rare,RR,ESP,False
805526-0002,805526,2,Amarys,Prismatic Evolutions,PRE,132,Ultra Rare,UR,ENG,False
805526-0001,805526,3,Amarys,Prismatic Evolutions,PRE,132,Ultra Rare,UR,ESP,False
805527-0001,805527,1,Atticus,Prismatic Evolutions,PRE,133,Ultra Rare,UR,ESP,False
805528-0002,805528,1,Atticus,Prismatic Evolutions,PRE,134,Ultra Rare,UR,ENG,False
805529-0002,805529,1,Brassius,Prismatic Evolutions,PRE,135,Ultra Rare,UR,ENG,False
805529-0001,805529,4,Brassius,Prismatic Evolutions,PRE,135,Ultra Rare,UR,ESP,False
805530-0001,805530,1,Eri,Prismatic Evolutions,PRE,136,Ultra Rare,UR,ESP,False
805531-0002,805531,1,Friends in Paldea,Prismatic Evolutions,PRE,137,Ultra Rare,UR,ENG,False
805531-0001,805531,1,Friends in Paldea,Prismatic Evolutions,PRE,137,Ultra Rare,UR,ESP,False
805532-0001,805532,2,Giacomo,Prismatic Evolutions,PRE,138,Ultra Rare,UR,ESP,False
805533-0002,805533,3,Larry's Skill,Prismatic Evolutions,PRE,139,Ultra Rare,UR,ENG,False
805534-0002,805534,1,Mela,Prismatic Evolutions,PRE,140,Ultra Rare,UR,ENG,False
805534-0001,805534,2,Mela,Prismatic Evolutions,PRE,140,Ultra Rare,UR,ESP,False
805535-0002,805535,2,Ortega,Prismatic Evolutions,PRE,141,Ultra Rare,UR,ENG,False
805536-0002,805536,1,Raifort,Prismatic Evolutions,PRE,142,Ultra Rare,UR,ENG,False
805536-0001,805536,2,Raifort,Prismatic Evolutions,PRE,142,Ultra Rare,UR,ESP,False
805537-0002,805537,5,Tyme,Prismatic Evolutions,PRE,143,Ultra Rare,UR,ENG,False
805537-0001,805537,1,Tyme,Prismatic Evolutions,PRE,143,Ultra Rare,UR,ESP,False
805563-0002,805563,1,Terapagos ex,Prismatic Evolutions,PRE,169,Special Illustration Rare,SAR,ENG,False
805563-0001,805563,1,Terapagos ex,Prismatic Evolutions,PRE,169,Special Illustration Rare,SAR,ESP,False
817163-0002,817163,5,Amoonguss ex,Journey Together,JTG,011,Double Rare,RR,ENG,False
817163-0001,817163,5,Amoonguss ex,Journey Together,JTG,011,Double Rare,RR,ESP,False
817182-0002,817182,4,Reshiram ex,Journey Together,JTG,030,Double Rare,RR,ENG,False
817182-0001,817182,2,Reshiram ex,Journey Together,JTG,030,Double Rare,RR,ESP,False
817183-0002,817183,2,Volcanion ex,Journey Together,JTG,031,Double Rare,RR,ENG,False
817183-0001,817183,7,Volcanion ex,Journey Together,JTG,031,Double Rare,RR,ESP,False
817195-0002,817195,6,Veluza ex,Journey Together,JTG,043,Double Rare,RR,ENG,False
817195-0001,817195,4,Veluza ex,Journey Together,JTG,043,Double Rare,RR,ESP,False
817203-0002,817203,7,Tapu Koko ex,Journey Together,JTG,051,Double Rare,RR,ENG,False
817203-0001,817203,3,Tapu Koko ex,Journey Together,JTG,051,Double Rare,RR,ESP,False
817205-0002,817205,2,Iono's Bellibolt ex,Journey Together,JTG,053,Double Rare,RR,ENG,False
817205-0001,817205,7,Iono's Bellibolt ex,Journey Together,JTG,053,Double Rare,RR,ESP,False
817208-0002,817208,10,Lillie's Clefairy ex,Journey Together,JTG,056,Double Rare,RR,ENG,False
817208-0001,817208,4,Lillie's Clefairy ex,Journey Together,JTG,056,Double Rare,RR,ESP,False
817221-0002,817221,3,Mimikyu ex,Journey Together,JTG,069,Double Rare,RR,ENG,False
817221-0001,817221,8,Mimikyu ex,Journey Together,JTG,069,Double Rare,RR,ESP,False
817227-0002,817227,2,Alcremie ex,Journey Together,JTG,075,Double Rare,RR,ENG,False
817227-0001,817227,3,Alcremie ex,Journey Together,JTG,075,Double Rare,RR,ESP,False
817231-0002,817231,4,Mamoswine ex,Journey Together,JTG,079,Double Rare,RR,ENG,False
817231-0001,817231,9,Mamoswine ex,Journey Together,JTG,079,Double Rare,RR,ESP,False
817246-0002,817246,1,Paldean Clodsire ex,Journey Together,JTG,094,Double Rare,RR,ENG,False
817246-0001,817246,2,Paldean Clodsire ex,Journey Together,JTG,094,Double Rare,RR,ESP,False
817250-0002,817250,4,N's Zoroark ex,Journey Together,JTG,098,Double Rare,RR,ENG,False
817250-0001,817250,2,N's Zoroark ex,Journey Together,JTG,098,Double Rare,RR,ESP,False
817263-0001,817263,5,Hop's Zacian ex,Journey Together,JTG,111,Double Rare,RR,ESP,False
817266-0002,817266,6,Salamence ex,Journey Together,JTG,114,Double Rare,RR,ENG,False
817266-0001,817266,4,Salamence ex,Journey Together,JTG,114,Double Rare,RR,ESP,False
817273-0002,817273,4,Dudunsparce ex,Journey Together,JTG,121,Double Rare,RR,ENG,False
817273-0001,817273,4,Dudunsparce ex,Journey Together,JTG,121,Double Rare,RR,ESP,False
817331-0002,817331,1,Dudunsparce ex,Journey Together,JTG,178,Ultra Rare,UR,ENG,False
817332-0001,817332,1,Brock's Scouting,Journey Together,JTG,179,Ultra Rare,UR,ESP,False
817334-0002,817334,2,Ruffian,Journey Together,JTG,181,Ultra Rare,UR,ENG,False
817339-0002,817339,1,Hop's Zacian ex,Journey Together,JTG,186,Special Illustration Rare,SAR,ENG,False
825877-0001,825877,3,Yanmega ex,Destined Rivals,DRI,003,Double Rare,RR,ESP,False
825897-0002,825897,2,Arboliva ex,Destined Rivals,DRI,023,Double Rare,RR,ENG,False
825897-0001,825897,6,Arboliva ex,Destined Rivals,DRI,023,Double Rare,RR,ESP,False
825899-0002,825899,6,Rabsca ex,Destined Rivals,DRI,025,Double Rare,RR,ENG,False
825899-0001,825899,7,Rabsca ex,Destined Rivals,DRI,025,Double Rare,RR,ESP,False
825904-0002,825904,1,Team Rocket's Moltres ex,Destined Rivals,DRI,031,Double Rare,RR,ENG,False
825904-0001,825904,1,Team Rocket's Moltres ex,Destined Rivals,DRI,031,Double Rare,RR,ESP,False
825913-0002,825913,3,Ethan's Ho-Oh ex,Destined Rivals,DRI,039,Double Rare,RR,ENG,False
825913-0001,825913,2,Ethan's Ho-Oh ex,Destined Rivals,DRI,039,Double Rare,RR,ESP,False
825939-0002,825939,4,Cetitan ex,Destined Rivals,DRI,065,Double Rare,RR,ENG,False
825939-0001,825939,5,Cetitan ex,Destined Rivals,DRI,065,Double Rare,RR,ESP,False
825940-0002,825940,3,Dondozo ex,Destined Rivals,DRI,066,Double Rare,RR,ENG,False
825940-0001,825940,6,Dondozo ex,Destined Rivals,DRI,066,Double Rare,RR,ESP,False
825943-0002,825943,1,Electivire ex,Destined Rivals,DRI,069,Double Rare,RR,ENG,False
825943-0001,825943,3,Electivire ex,Destined Rivals,DRI,069,Double Rare,RR,ESP,False
825955-0001,825955,2,Team Rocket's Mewtwo ex,Destined Rivals,DRI,081,Double Rare,RR,ESP,False
825975-0002,825975,2,Regirock ex,Destined Rivals,DRI,101,Double Rare,RR,ENG,False
825975-0001,825975,5,Regirock ex,Destined Rivals,DRI,101,Double Rare,RR,ESP,False
825978-0002,825978,6,Cynthia's Garchomp ex,Destined Rivals,DRI,104,Double Rare,RR,ENG,False
825978-0001,825978,6,Cynthia's Garchomp ex,Destined Rivals,DRI,104,Double Rare,RR,ESP,False
825993-0001,825993,9,Team Rocket's Nidoking ex,Destined Rivals,DRI,119,Double Rare,RR,ESP,False
825996-0001,825996,3,Team Rocket's Crobat ex,Destined Rivals,DRI,122,Double Rare,RR,ESP,False
826010-0002,826010,4,Marnie's Grimmsnarl ex,Destined Rivals,DRI,136,Double Rare,RR,ENG,False
826010-0001,826010,4,Marnie's Grimmsnarl ex,Destined Rivals,DRI,136,Double Rare,RR,ESP,False
826013-0002,826013,2,Arven's Mabosstiff ex,Destined Rivals,DRI,139,Double Rare,RR,ENG,False
826013-0001,826013,3,Arven's Mabosstiff ex,Destined Rivals,DRI,139,Double Rare,RR,ESP,False
826019-0002,826019,4,Steven's Metagross ex,Destined Rivals,DRI,145,Double Rare,RR,ENG,False
826019-0001,826019,2,Steven's Metagross ex,Destined Rivals,DRI,145,Double Rare,RR,ESP,False
826062-0001,826062,1,Team Rocket's Spidops,Destined Rivals,DRI,187,Illustration Rare,IR,ESP,False
826072-0001,826072,1,Team Rocket's Orbeetle,Destined Rivals,DRI,198,Illustration Rare,IR,ESP,False
826076-0001,826076,1,Team Rocket's Raticate,Destined Rivals,DRI,202,Illustration Rare,IR,ESP,False
826078-0001,826078,1,Kangaskhan,Destined Rivals,DRI,204,Illustration Rare,IR,ESP,False
826080-0001,826080,1,Yanmega ex,Destined Rivals,DRI,206,Ultra Rare,UR,ESP,False
826086-0001,826086,1,Electivire ex,Destined Rivals,DRI,212,Ultra Rare,UR,ESP,False
826096-0001,826096,1,Judge,Destined Rivals,DRI,222,Ultra Rare,UR,ESP,False
826097-0002,826097,1,Team Rocket's Archer,Destined Rivals,DRI,223,Ultra Rare,UR,ENG,False
826100-0002,826100,4,Team Rocket's Petrel,Destined Rivals,DRI,226,Ultra Rare,UR,ENG,False
826100-0001,826100,2,Team Rocket's Petrel,Destined Rivals,DRI,226,Ultra Rare,UR,ESP,False
835908-0002,835908,2,Serperior ex,Black Bolt,BLK,003,Double Rare,RR,ENG,False
835908-0001,835908,8,Serperior ex,Black Bolt,BLK,003,Double Rare,RR,ESP,False
835955-0002,835955,2,Kyurem ex,Black Bolt,BLK,028,Double Rare,RR,ENG,False
835955-0001,835955,8,Kyurem ex,Black Bolt,BLK,028,Double Rare,RR,ESP,False
835966-0002,835966,4,Zekrom ex,Black Bolt,BLK,034,Double Rare,RR,ENG,False
835966-0001,835966,6,Zekrom ex,Black Bolt,BLK,034,Double Rare,RR,ESP,False
835996-0002,835996,3,Meloetta ex,Black Bolt,BLK,044,Double Rare,RR,ENG,False
835996-0001,835996,16,Meloetta ex,Black Bolt,BLK,044,Double Rare,RR,ESP,False
835999-0002,835999,3,Excadrill ex,Black Bolt,BLK,046,Double Rare,RR,ENG,False
835999-0001,835999,12,Excadrill ex,Black Bolt,BLK,046,Double Rare,RR,ESP,False
836046-0002,836046,4,Genesect ex,Black Bolt,BLK,067,Double Rare,RR,ENG,False
836046-0001,836046,15,Genesect ex,Black Bolt,BLK,067,Double Rare,RR,ESP,False
836094-0001,836094,1,Maractus,Black Bolt,BLK,093,Illustration Rare,IR,ESP,False
836102-0001,836102,1,Darmanitan,Black Bolt,BLK,098,Illustration Rare,IR,ESP,False
836119-0002,836119,1,Tirtouga,Black Bolt,BLK,106,Illustration Rare,IR,ENG,False
836151-0001,836151,1,Duosion,Black Bolt,BLK,119,Illustration Rare,IR,ESP,False
836177-0002,836177,1,Landorus,Black Bolt,BLK,131,Illustration Rare,IR,ENG,False
836192-0001,836192,1,Krokorok,Black Bolt,BLK,136,Illustration Rare,IR,ESP,False
836193-0001,836193,1,Krookodile,Black Bolt,BLK,137,Illustration Rare,IR,ESP,False
836206-0002,836206,1,Klang,Black Bolt,BLK,140,Illustration Rare,IR,ENG,False
836206-0001,836206,1,Klang,Black Bolt,BLK,140,Illustration Rare,IR,ESP,False
836231-0002,836231,5,Kyurem ex,Black Bolt,BLK,157,Ultra Rare,UR,ENG,False
836234-0001,836234,3,Excadrill ex,Black Bolt,BLK,160,Ultra Rare,UR,ESP,False
836235-0002,836235,1,Genesect ex,Black Bolt,BLK,161,Ultra Rare,UR,ENG,False
836235-0001,836235,2,Genesect ex,Black Bolt,BLK,161,Ultra Rare,UR,ESP,False
836236-0001,836236,1,Fennel,Black Bolt,BLK,162,Ultra Rare,UR,ESP,False
835909-0002,835909,4,Whimsicott ex,White Flare,WHT,005,Double Rare,RR,ENG,False
835909-0001,835909,10,Whimsicott ex,White Flare,WHT,005,Double Rare,RR,ESP,False
835938-0002,835938,2,Reshiram ex,White Flare,WHT,020,Double Rare,RR,ENG,False
835938-0001,835938,13,Reshiram ex,White Flare,WHT,020,Double Rare,RR,ESP,False
835962-0002,835962,1,Keldeo ex,White Flare,WHT,030,Double Rare,RR,ENG,False
835962-0001,835962,18,Keldeo ex,White Flare,WHT,030,Double Rare,RR,ESP,False
836027-0002,836027,6,Hydreigon ex,White Flare,WHT,067,Double Rare,RR,ENG,False
836027-0001,836027,12,Hydreigon ex,White Flare,WHT,067,Double Rare,RR,ESP,False
836042-0002,836042,1,Bouffalant ex,White Flare,WHT,077,Double Rare,RR,ENG,False
836042-0001,836042,16,Bouffalant ex,White Flare,WHT,077,Double Rare,RR,ESP,False
836075-0001,836075,1,Cottonee,White Flare,WHT,090,Illustration Rare,IR,ESP,False
836081-0002,836081,1,Accelgor,White Flare,WHT,094,Illustration Rare,IR,ENG,False
836118-0001,836118,2,Vanillish,White Flare,WHT,112,Illustration Rare,IR,ESP,False
836130-0001,836130,1,Stunfisk,White Flare,WHT,118,Illustration Rare,IR,ESP,False
836133-0002,836133,1,Swoobat,White Flare,WHT,120,Illustration Rare,IR,ENG,False
836195-0001,836195,1,Whimsicott ex,White Flare,WHT,157,Ultra Rare,UR,ESP,False
836198-0002,836198,1,Keldeo ex,White Flare,WHT,159,Ultra Rare,UR,ENG,False
836200-0001,836200,1,Jellicent ex,White Flare,WHT,160,Ultra Rare,UR,ESP,False
836202-0002,836202,1,Bouffalant ex,White Flare,WHT,162,Ultra Rare,UR,ENG,False
836202-0001,836202,2,Bouffalant ex,White Flare,WHT,162,Ultra Rare,UR,ESP,False
836203-0002,836203,3,Harlequin,White Flare,WHT,163,Ultra Rare,UR,ENG,False
836216-0002,836216,2,Hydreigon ex,White Flare,WHT,169,Special Illustration Rare,SAR,ENG,False
851055-0001,851055,1,Alakazam,MEP Black Star Promos,MEP,009,Promo,PROMO,ESP,False
851063-0001,851063,2,Mega Latias ex,MEP Black Star Promos,MEP,011,Promo,PROMO,ESP,False
859011-0001,859011,3,Mega Venusaur ex,MEP Black Star Promos,MEP,013,Promo,PROMO,ESP,False
857396-0002,857396,1,Flygon,MEP Black Star Promos,MEP,016,Promo,PROMO,ENG,False
857400-0002,857400,1,Toxtricity,MEP Black Star Promos,MEP,017,Promo,PROMO,ENG,False
859036-0001,859036,1,Oricorio ex,MEP Black Star Promos,MEP,024,Promo,PROMO,ESP,False
859037-0001,859037,8,Mega Kangaskhan ex,MEP Black Star Promos,MEP,025,Promo,PROMO,ESP,False
873702-0001,873702,1,N's Zekrom,MEP Black Star Promos,MEP,031,Promo,PROMO,ESP,False
851074-0001,851074,8,Mega Venusaur ex,Mega Evolution,MEG,003,Double Rare,RR,ESP,False
851093-0001,851093,21,Mega Camerupt ex,Mega Evolution,MEG,022,Double Rare,RR,ESP,False
851107-0002,851107,4,Mega Abomasnow ex,Mega Evolution,MEG,036,Double Rare,RR,ENG,False
851107-0001,851107,17,Mega Abomasnow ex,Mega Evolution,MEG,036,Double Rare,RR,ESP,False
851121-0002,851121,3,Mega Manectric ex,Mega Evolution,MEG,050,Double Rare,RR,ENG,False
851121-0001,851121,17,Mega Manectric ex,Mega Evolution,MEG,050,Double Rare,RR,ESP,False
851131-0001,851131,16,Mega Gardevoir ex,Mega Evolution,MEG,060,Double Rare,RR,ESP,False
851148-0002,851148,14,Mega Lucario ex,Mega Evolution,MEG,077,Double Rare,RR,ENG,False
851148-0001,851148,1,Mega Lucario ex,Mega Evolution,MEG,077,Double Rare,RR,ESP,False
851157-0001,851157,15,Mega Absol ex,Mega Evolution,MEG,086,Double Rare,RR,ESP,False
851165-0002,851165,2,Mega Mawile ex,Mega Evolution,MEG,094,Double Rare,RR,ENG,False
851165-0001,851165,17,Mega Mawile ex,Mega Evolution,MEG,094,Double Rare,RR,ESP,False
851171-0001,851171,11,Mega Latias ex,Mega Evolution,MEG,100,Double Rare,RR,ESP,False
851175-0002,851175,2,Mega Kangaskhan ex,Mega Evolution,MEG,104,Double Rare,RR,ENG,False
851175-0001,851175,14,Mega Kangaskhan ex,Mega Evolution,MEG,104,Double Rare,RR,ESP,False
851206-0001,851206,3,Exeggutor,Mega Evolution,MEG,135,Illustration Rare,IR,ESP,False
851207-0001,851207,2,Shuckle,Mega Evolution,MEG,136,Illustration Rare,IR,ESP,False
851208-0001,851208,1,Ninjask,Mega Evolution,MEG,137,Illustration Rare,IR,ESP,False
851209-0002,851209,1,Vulpix,Mega Evolution,MEG,138,Illustration Rare,IR,ENG,False
851210-0001,851210,1,Litleo,Mega Evolution,MEG,139,Illustration Rare,IR,ESP,False
851211-0002,851211,1,Snover,Mega Evolution,MEG,140,Illustration Rare,IR,ENG,False
851211-0001,851211,4,Snover,Mega Evolution,MEG,140,Illustration Rare,IR,ESP,False
851212-0001,851212,1,Clawitzer,Mega Evolution,MEG,141,Illustration Rare,IR,ESP,False
851213-0001,851213,1,Inteleon,Mega Evolution,MEG,142,Illustration Rare,IR,ESP,False
851215-0002,851215,3,Shedinja,Mega Evolution,MEG,144,Illustration Rare,IR,ENG,False
851215-0001,851215,1,Shedinja,Mega Evolution,MEG,144,Illustration Rare,IR,ESP,False
851216-0001,851216,1,Houndstone,Mega Evolution,MEG,145,Illustration Rare,IR,ESP,False
851218-0002,851218,2,Garganacl,Mega Evolution,MEG,147,Illustration Rare,IR,ENG,False
851218-0001,851218,2,Garganacl,Mega Evolution,MEG,147,Illustration Rare,IR,ESP,False
851219-0001,851219,3,Spiritomb,Mega Evolution,MEG,148,Illustration Rare,IR,ESP,False
851220-0002,851220,2,Shroodle,Mega Evolution,MEG,149,Illustration Rare,IR,ENG,False
851220-0001,851220,1,Shroodle,Mega Evolution,MEG,149,Illustration Rare,IR,ESP,False
851221-0002,851221,3,Steelix,Mega Evolution,MEG,150,Illustration Rare,IR,ENG,False
851221-0001,851221,3,Steelix,Mega Evolution,MEG,150,Illustration Rare,IR,ESP,False
851222-0001,851222,1,Spearow,Mega Evolution,MEG,151,Illustration Rare,IR,ESP,False
851223-0001,851223,1,Delibird,Mega Evolution,MEG,152,Illustration Rare,IR,ESP,False
851224-0001,851224,2,Gumshoos,Mega Evolution,MEG,153,Illustration Rare,IR,ESP,False
851236-0001,851236,1,Acerola's Mischief,Mega Evolution,MEG,165,Ultra Rare,UR,ESP,False
851237-0001,851237,2,Air Balloon,Mega Evolution,MEG,166,Ultra Rare,UR,ESP,False
851239-0001,851239,1,Fighting Gong,Mega Evolution,MEG,168,Ultra Rare,UR,ESP,False
851242-0002,851242,1,Mega Signal,Mega Evolution,MEG,171,Ultra Rare,UR,ENG,False
851242-0001,851242,1,Mega Signal,Mega Evolution,MEG,171,Ultra Rare,UR,ESP,False
851245-0001,851245,1,Premium Power Pro,Mega Evolution,MEG,174,Ultra Rare,UR,ESP,False
851252-0001,851252,1,Mega Latias ex,Mega Evolution,MEG,181,Special Illustration Rare,SAR,ESP,False
857579-0002,857579,2,Mega Heracross ex,Phantasmal Flames,PFL,004,Double Rare,RR,ENG,False
857579-0001,857579,15,Mega Heracross ex,Phantasmal Flames,PFL,004,Double Rare,RR,ESP,False
857588-0002,857588,3,Mega Charizard X ex,Phantasmal Flames,PFL,013,Double Rare,RR,ENG,False
857588-0001,857588,7,Mega Charizard X ex,Phantasmal Flames,PFL,013,Double Rare,RR,ESP,False
857593-0002,857593,9,Oricorio ex,Phantasmal Flames,PFL,018,Double Rare,RR,ENG,False
857593-0001,857593,9,Oricorio ex,Phantasmal Flames,PFL,018,Double Rare,RR,ESP,False
857604-0002,857604,7,Rotom ex,Phantasmal Flames,PFL,029,Double Rare,RR,ENG,False
857604-0001,857604,10,Rotom ex,Phantasmal Flames,PFL,029,Double Rare,RR,ESP,False
857611-0002,857611,4,Mismagius ex,Phantasmal Flames,PFL,036,Double Rare,RR,ENG,False
857611-0001,857611,23,Mismagius ex,Phantasmal Flames,PFL,036,Double Rare,RR,ESP,False
857616-0002,857616,4,Mega Diancie ex,Phantasmal Flames,PFL,041,Double Rare,RR,ENG,False
857616-0001,857616,19,Mega Diancie ex,Phantasmal Flames,PFL,041,Double Rare,RR,ESP,False
857631-0002,857631,2,Mega Gengar ex,Phantasmal Flames,PFL,056,Double Rare,RR,ENG,False
857631-0001,857631,17,Mega Gengar ex,Phantasmal Flames,PFL,056,Double Rare,RR,ESP,False
857636-0002,857636,2,Mega Sharpedo ex,Phantasmal Flames,PFL,061,Double Rare,RR,ENG,False
857636-0001,857636,18,Mega Sharpedo ex,Phantasmal Flames,PFL,061,Double Rare,RR,ESP,False
857645-0002,857645,2,Empoleon ex,Phantasmal Flames,PFL,070,Double Rare,RR,ENG,False
857645-0001,857645,19,Empoleon ex,Phantasmal Flames,PFL,070,Double Rare,RR,ESP,False
857659-0002,857659,15,Mega Lopunny ex,Phantasmal Flames,PFL,084,Double Rare,RR,ENG,False
857671-0002,857671,1,Nymble,Phantasmal Flames,PFL,096,Illustration Rare,IR,ENG,False
857671-0001,857671,4,Nymble,Phantasmal Flames,PFL,096,Illustration Rare,IR,ESP,False
857672-0002,857672,1,Dewgong,Phantasmal Flames,PFL,097,Illustration Rare,IR,ENG,False
857672-0001,857672,1,Dewgong,Phantasmal Flames,PFL,097,Illustration Rare,IR,ESP,False
857673-0001,857673,4,Piplup,Phantasmal Flames,PFL,098,Illustration Rare,IR,ESP,False
857674-0001,857674,4,Yamper,Phantasmal Flames,PFL,099,Illustration Rare,IR,ESP,False
857675-0001,857675,1,Zacian,Phantasmal Flames,PFL,100,Illustration Rare,IR,ESP,False
857677-0001,857677,2,Paldean Wooper,Phantasmal Flames,PFL,102,Illustration Rare,IR,ESP,False
857678-0001,857678,2,Toxtricity,Phantasmal Flames,PFL,103,Illustration Rare,IR,ESP,False
857679-0001,857679,2,Togedemaru,Phantasmal Flames,PFL,104,Illustration Rare,IR,ESP,False
857685-0001,857685,1,Oricorio ex,Phantasmal Flames,PFL,110,Ultra Rare,UR,ESP,False
857687-0002,857687,1,Mismagius ex,Phantasmal Flames,PFL,112,Ultra Rare,UR,ENG,False
857688-0002,857688,1,Mega Sharpedo ex,Phantasmal Flames,PFL,113,Ultra Rare,UR,ENG,False
857692-0002,857692,1,Blowtorch,Phantasmal Flames,PFL,117,Ultra Rare,UR,ENG,False
857695-0001,857695,2,Grimsley's Move,Phantasmal Flames,PFL,120,Ultra Rare,UR,ESP,False
857696-0002,857696,1,Punk Helmet,Phantasmal Flames,PFL,121,Ultra Rare,UR,ENG,False
857696-0001,857696,1,Punk Helmet,Phantasmal Flames,PFL,121,Ultra Rare,UR,ESP,False
857697-0001,857697,1,Sacred Charm,Phantasmal Flames,PFL,122,Ultra Rare,UR,ESP,False
857698-0002,857698,1,Switch,Phantasmal Flames,PFL,123,Ultra Rare,UR,ENG,False
857698-0001,857698,1,Switch,Phantasmal Flames,PFL,123,Ultra Rare,UR,ESP,False
857699-0002,857699,1,Ignition Energy,Phantasmal Flames,PFL,124,Ultra Rare,UR,ENG,False
869642-0001,869642,1,Mega Emboar ex,Ascended Heroes,ASC,031,Double Rare,RR,ESP,False
869669-0001,869669,1,Voltorb ex,Ascended Heroes,ASC,058,Double Rare,RR,ESP,False
869679-0001,869679,1,Hop's Pincurchin ex,Ascended Heroes,ASC,068,Double Rare,RR,ESP,False
869681-0001,869681,1,Iono's Bellibolt ex,Ascended Heroes,ASC,070,Double Rare,RR,ESP,False
869690-0001,869690,1,Team Rocket's Mewtwo ex,Ascended Heroes,ASC,079,Double Rare,RR,ESP,False
869695-0001,869695,2,Azumarill ex,Ascended Heroes,ASC,084,Double Rare,RR,ESP,False
869722-0001,869722,1,Cynthia's Garchomp ex,Ascended Heroes,ASC,111,Double Rare,RR,ESP,False
869727-0001,869727,1,Mega Hawlucha ex,Ascended Heroes,ASC,116,Double Rare,RR,ESP,False
869746-0001,869746,1,Mega Scrafty ex,Ascended Heroes,ASC,135,Double Rare,RR,ESP,False
869748-0001,869748,1,N's Zoroark ex,Ascended Heroes,ASC,137,Double Rare,RR,ESP,False
869750-0001,869750,1,Mandibuzz ex,Ascended Heroes,ASC,139,Double Rare,RR,ESP,False
869760-0001,869760,1,Togedemaru ex,Ascended Heroes,ASC,149,Double Rare,RR,ESP,False
869771-0001,869771,2,Dragapult ex,Ascended Heroes,ASC,160,Double Rare,RR,ESP,False
869773-0001,869773,2,Team Rocket's Kangaskhan ex,Ascended Heroes,ASC,162,Double Rare,RR,ESP,False
869775-0001,869775,1,Larry's Dudunsparce ex,Ascended Heroes,ASC,164,Double Rare,RR,ESP,False
869790-0001,869790,1,Terapagos ex,Ascended Heroes,ASC,179,Double Rare,RR,ESP,False
869833-0001,869833,1,Ethan's Magcargo,Ascended Heroes,ASC,222,Illustration Rare,IR,ESP,False
869834-0001,869834,1,Numel,Ascended Heroes,ASC,223,Illustration Rare,IR,ESP,False
869835-0001,869835,1,Salazzle,Ascended Heroes,ASC,224,Illustration Rare,IR,ESP,False
869840-0001,869840,1,Heliolisk,Ascended Heroes,ASC,229,Illustration Rare,IR,ESP,False
869844-0001,869844,1,Misdreavus,Ascended Heroes,ASC,233,Illustration Rare,IR,ESP,False
869845-0001,869845,1,Banette,Ascended Heroes,ASC,234,Illustration Rare,IR,ESP,False
869848-0001,869848,1,Hop's Trevenant,Ascended Heroes,ASC,237,Illustration Rare,IR,ESP,False
869856-0001,869856,1,Galarian Obstagoon,Ascended Heroes,ASC,245,Illustration Rare,IR,ESP,False
869859-0001,869859,1,Drakloak,Ascended Heroes,ASC,248,Illustration Rare,IR,ESP,False
869861-0001,869861,1,Fan Rotom,Ascended Heroes,ASC,250,Illustration Rare,IR,ESP,False
869864-0001,869864,1,Mega Audino ex,Ascended Heroes,ASC,253,Ultra Rare,UR,ESP,False
869871-0001,869871,1,Glass Trumpet,Ascended Heroes,ASC,260,Ultra Rare,UR,ESP,False
869874-0002,869874,1,Team Rocket's Transceiver,Ascended Heroes,ASC,263,Ultra Rare,UR,ENG,False
869874-0001,869874,1,Team Rocket's Transceiver,Ascended Heroes,ASC,263,Ultra Rare,UR,ESP,False
869881-0002,869881,1,Mega Scrafty ex,Ascended Heroes,ASC,270,Ultra Rare,UR,ENG,False
